rank,package_name,version,manifest_declared_license,physical_license_type,physical_license_files,has_third_party_notices,in_code_headers,conflicts_count,verdict,verdict_reason,physical_license_snippet
243,barryvdh/laravel-dompdf,v3.1.2,MIT,MPL_COPYLEFT,LICENSE,NO,,3,CONFIRMED_VIOLATION_UNRESOLVED_TAINT,Unresolved copyleft conflict with: dompdf/php-svg-lib (LGPL-3.0-or-later),--- barryvdh-laravel-dompdf-ee3b72b/LICENSE --- MIT License Copyright (c) 2021 barryvdh
454,wp-coding-standards/wpcs,3.4.1,MIT,MPL_COPYLEFT,LICENSE,NO,,2,CONFIRMED_VIOLATION_UNRESOLVED_TAINT,"Unresolved copyleft conflict with: phpcsstandards/phpcsutils (LGPL-3.0-or-later), phpcsstandards/phpcsextra (LGPL-3.0-or-later)",--- WordPress-WordPress-Coding-Standards-ec2ff94/LICENSE --- The MIT License (MIT) Copyright (c) 2009 John Godley and contributors.
506,vimeo/psalm,6.16.1,Unspecified,MPL_COPYLEFT,LICENSE,NO,,1,CONFIRMED_VIOLATION_VIRAL_COPYLEFT,Permissive package imports viral copyleft dependency (netresearch/jsonmapper (OSL-3.0)) without copyleft distribution licensing.,--- vimeo-psalm-f1f5de5/LICENSE --- MIT License Copyright (c) 2016 Vimeo
587,sirbrillig/phpcs-variable-analysis,v3.0.0,BSD-2-Clause,MPL_COPYLEFT,LICENSE,NO,,1,CONFIRMED_VIOLATION_UNRESOLVED_TAINT,Unresolved copyleft conflict with: phpcsstandards/phpcsutils (LGPL-3.0-or-later),--- sirbrillig-phpcs-variable-analysis-282f8a4/LICENSE --- BSD Licence Agreement -----------------------------------------------------------------------
657,danog/advanced-json-rpc,v3.2.3,ISC,MPL_COPYLEFT,LICENSE,NO,,1,CONFIRMED_VIOLATION_VIRAL_COPYLEFT,Permissive package imports viral copyleft dependency (netresearch/jsonmapper (OSL-3.0)) without copyleft distribution licensing.,"--- danog-php-advanced-json-rpc-ae703ea/LICENSE --- ISC License Copyright (c) 2016, Felix Frederick Becker"
678,felixfbecker/advanced-json-rpc,v3.2.1,ISC,MPL_COPYLEFT,LICENSE,NO,,1,CONFIRMED_VIOLATION_VIRAL_COPYLEFT,Permissive package imports viral copyleft dependency (netresearch/jsonmapper (OSL-3.0)) without copyleft distribution licensing.,"--- felixfbecker-php-advanced-json-rpc-b5f37db/LICENSE --- ISC License Copyright (c) 2016, Felix Frederick Becker"
747,mews/purifier,3.4.4,MIT,MPL_COPYLEFT,LICENSE,NO,,1,BENIGN_LGPL_DYNAMIC_WRAPPER,"Runtime Composer autoload of unmodified LGPL library (ezyang/htmlpurifier (LGPL-2.1-or-later)). Valid under dynamic linking spirit, but lacks third-party notice.",--- mewebstudio-Purifier-b2705cc/LICENSE --- The MIT License (MIT) Copyright (c) 2015 MeWebStudio - Muharrem ERİN
760,mglaman/phpstan-drupal,2.1.2,MIT,MPL_COPYLEFT,LICENSE,NO,,1,CONFIRMED_VIOLATION_UNRESOLVED_TAINT,Unresolved copyleft conflict with: webflo/drupal-finder (GPL-2.0-or-later),--- mglaman-phpstan-drupal-6b4fd04/LICENSE --- MIT License Copyright (c) 2018 Matt Glaman
877,horstoeko/zugferd,v1.0.130,MIT,MPL_COPYLEFT,LICENSE,NO,,1,CONFIRMED_VIOLATION_UNRESOLVED_TAINT,Unresolved copyleft conflict with: smalot/pdfparser (LGPL-3.0),--- horstoeko-zugferd-d9c54f1/LICENSE --- MIT License Copyright (c) 2020 D. Erling
1063,yiisoft/yii2,2.0.55,BSD-3-Clause,MPL_COPYLEFT,LICENSE.md,NO,,1,BENIGN_LGPL_DYNAMIC_WRAPPER,"Runtime Composer autoload of unmodified LGPL library (ezyang/htmlpurifier (LGPL-2.1-or-later)). Valid under dynamic linking spirit, but lacks third-party notice.",--- yiisoft-yii2-framework-b900eec/LICENSE.md --- Copyright © 2008 by Yii Software LLC (http://www.yiisoft.com) All rights reserved.
1113,roots/wordpress,7.1,"MIT, GPL-2.0-or-later",GPL_COPYLEFT,"LICENSE, LICENSE-WP",YES,,2,CONFIRMED_VIOLATION_UNRESOLVED_TAINT,"Unresolved copyleft conflict with: roots/wordpress-core-installer (GPL-2.0-or-later), roots/wordpress-no-content (GPL-2.0-or-later)",--- roots-wordpress-eb3d108/LICENSE --- MIT License Copyright (c) Roots Software LLC
1122,stevebauman/purify,v6.3.2,MIT,MPL_COPYLEFT,license.md,NO,,1,BENIGN_LGPL_DYNAMIC_WRAPPER,"Runtime Composer autoload of unmodified LGPL library (ezyang/htmlpurifier (LGPL-2.1-or-later)). Valid under dynamic linking spirit, but lacks third-party notice.",--- stevebauman-purify-deba4aa/license.md --- MIT License Copyright (c) 2021 Steve Bauman
1130,automattic/vipwpcs,3.1.0,MIT,GPL_COPYLEFT,LICENSE.md,YES,IN_CODE_GPL,2,CONFIRMED_VIOLATION_UNRESOLVED_TAINT,"Unresolved copyleft conflict with: phpcsstandards/phpcsextra (LGPL-3.0-or-later), phpcsstandards/phpcsutils (LGPL-3.0-or-later)","--- Automattic-VIP-Coding-Standards-9c47cd0/LICENSE.md --- The files in this project--except those listed under the section ""Included Files""--are Copyright &copy; Automattic Inc, 2016, and licensed un"
1214,mkalkbrenner/php-htmldiff-advanced,0.0.8,GNU General Public License V2,GPL_COPYLEFT,LICENSE,YES,,2,CONFIRMED_VIOLATION_UNRESOLVED_TAINT,Unresolved copyleft conflict with: caxy/php-htmldiff (GPL-2.0),"--- mkalkbrenner-php-htmldiff-3a714b4/LICENSE --- GNU GENERAL PUBLIC LICENSE Version 2, June 1991"
1225,yiisoft/yii2-debug,2.1.28,BSD-3-Clause,MPL_COPYLEFT,LICENSE.md,NO,,1,BENIGN_LGPL_DYNAMIC_WRAPPER,"Runtime Composer autoload of unmodified LGPL library (ezyang/htmlpurifier (LGPL-2.1-or-later)). Valid under dynamic linking spirit, but lacks third-party notice.",--- yiisoft-yii2-debug-0a2ce3c/LICENSE.md --- Copyright © 2008 by Yii Software LLC (http://www.yiisoft.com) All rights reserved.
1283,apimatic/core,0.3.18,MIT,MPL_COPYLEFT,LICENSE,NO,,1,CONFIRMED_VIOLATION_VIRAL_COPYLEFT,Permissive package imports viral copyleft dependency (apimatic/jsonmapper (OSL-3.0)) without copyleft distribution licensing.,--- apimatic-core-lib-php-7e3d2de/LICENSE --- MIT License Copyright (c) 2023 APIMatic Ltd
1343,iio/libmergepdf,4.0.4,WTFPL,MPL_COPYLEFT,LICENSE,YES,IN_CODE_LGPL; IN_CODE_GPL,14,CONFIRMED_VIOLATION_UNRESOLVED_TAINT,"Unresolved copyleft conflict with: tecnickcom/tcpdf (LGPL-3.0-or-later), tecnickcom/tc-lib-pdf (LGPL-3.0-or-later), tecnickcom/tc-lib-barcode (LGPL-3.0-or-later), tecnickcom/tc-lib-color (LGPL-3.0-or-later), tecnickcom/tc-lib-pdf-image (LGPL-3.0-or-later), tecnickcom/tc-lib-pdf-font (LGPL-3.0-or-later), tecnickcom/tc-lib-file (LGPL-3.0-or-later), tecnickcom/tc-lib-pdf-encrypt (LGPL-3.0-or-later), tecnickcom/tc-lib-pdf-sign (LGPL-3.0-or-later), tecnickcom/tc-lib-unicode-data (LGPL-3.0-or-later), tecnickcom/tc-lib-unicode (LGPL-3.0-or-later), tecnickcom/tc-lib-pdf-page (LGPL-3.0-or-later), tecnickcom/tc-lib-pdf-graph (LGPL-3.0-or-later), tecnickcom/tc-lib-pdf-parser (LGPL-3.0-or-later)","--- hanneskod-libmergepdf-6613b97/tcpdi/LICENSE --- Apache License Version 2.0, January 2004"
1402,vladimir-yuldashev/laravel-queue-rabbitmq,v15.0.1,MIT,MPL_COPYLEFT,LICENSE.md,NO,,1,BENIGN_LGPL_DYNAMIC_WRAPPER,"Runtime Composer autoload of unmodified LGPL library (php-amqplib/php-amqplib (LGPL-2.1-or-later)). Valid under dynamic linking spirit, but lacks third-party notice.",--- vyuldashev-laravel-queue-rabbitmq-9d029bc/LICENSE.md --- The MIT License (MIT) Copyright (c) Vladimir Yuldashev
1457,wikimedia/css-sanitizer,v6.2.1,Apache-2.0,MPL_COPYLEFT,LICENSE,YES,,2,CONFIRMED_VIOLATION_VIRAL_COPYLEFT,"Permissive package imports viral copyleft dependency (wikimedia/utfnormal (GPL-2.0-or-later), wikimedia/scoped-callback (GPL-2.0-or-later)) without copyleft distribution licensing.","--- wikimedia-css-sanitizer-60973b8/LICENSE --- Apache License Version 2.0, January 2004"
1487,yiisoft/yii2-queue,2.3.8,BSD-3-Clause,MPL_COPYLEFT,LICENSE.md,NO,,1,BENIGN_LGPL_DYNAMIC_WRAPPER,"Runtime Composer autoload of unmodified LGPL library (ezyang/htmlpurifier (LGPL-2.1-or-later)). Valid under dynamic linking spirit, but lacks third-party notice.",--- yiisoft-yii2-queue-e0f935e/LICENSE.md --- Copyright © 2008 by Yii Software LLC (http://www.yiisoft.com) All rights reserved.
1499,psalm/plugin-symfony,v5.3.0,MIT,MPL_COPYLEFT,LICENSE,NO,,1,CONFIRMED_VIOLATION_VIRAL_COPYLEFT,Permissive package imports viral copyleft dependency (netresearch/jsonmapper (OSL-3.0)) without copyleft distribution licensing.,--- psalm-psalm-plugin-symfony-df874ff/LICENSE --- MIT License Copyright (c) 2019 Farhad Safarov
1548,simplesamlphp/saml2,v6.3.0,Unspecified,GPL_COPYLEFT,LICENSE,NO,,5,CONFIRMED_VIOLATION_UNRESOLVED_TAINT,"Unresolved copyleft conflict with: simplesamlphp/assert (LGPL-2.1-or-later), simplesamlphp/xml-common (LGPL-2.1-or-later), simplesamlphp/composer-xmlprovider-installer (LGPL-2.1-only), simplesamlphp/xml-security (LGPL-2.1-or-later), simplesamlphp/xml-soap (LGPL-2.1-or-later)","--- simplesamlphp-saml2-5a18379/LICENSE --- GNU LESSER GENERAL PUBLIC LICENSE Version 2.1, February 1999"
1568,woocommerce/woocommerce-sniffs,2.0.0,MIT,MPL_COPYLEFT,LICENSE,NO,,2,CONFIRMED_VIOLATION_UNRESOLVED_TAINT,"Unresolved copyleft conflict with: phpcsstandards/phpcsutils (LGPL-3.0-or-later), phpcsstandards/phpcsextra (LGPL-3.0-or-later)",--- woocommerce-woocommerce-sniffs-906c75a/LICENSE --- The MIT License (MIT) Copyright (c) 2020 WooCommerce
1579,phan/phan,6.0.7,MIT,MPL_COPYLEFT,"LICENSE, LICENSE.LANGUAGE_SERVER, LICENSE.PHPSTORM_STUBS, LICENSE.PHP_PARSER",YES,,1,CONFIRMED_VIOLATION_VIRAL_COPYLEFT,Permissive package imports viral copyleft dependency (netresearch/jsonmapper (OSL-3.0)) without copyleft distribution licensing.,--- phan-phan-ecb8bae/LICENSE --- The MIT License (MIT) Copyright (c) 2015 Rasmus Lerdorf
1583,yiisoft/yii2-gii,2.2.7,BSD-3-Clause,MPL_COPYLEFT,LICENSE.md,NO,,1,BENIGN_LGPL_DYNAMIC_WRAPPER,"Runtime Composer autoload of unmodified LGPL library (ezyang/htmlpurifier (LGPL-2.1-or-later)). Valid under dynamic linking spirit, but lacks third-party notice.",--- yiisoft-yii2-gii-f17c7ef/LICENSE.md --- Copyright © 2008 by Yii Software LLC (http://www.yiisoft.com) All rights reserved.
1590,php-amqplib/rabbitmq-bundle,2.19.0,MIT,MPL_COPYLEFT,LICENSE,NO,,1,BENIGN_LGPL_DYNAMIC_WRAPPER,"Runtime Composer autoload of unmodified LGPL library (php-amqplib/php-amqplib (LGPL-2.1-or-later)). Valid under dynamic linking spirit, but lacks third-party notice.",--- php-amqplib-RabbitMqBundle-e2f5d3f/LICENSE --- MIT License Copyright (c) 2010 Alvaro Videla
1591,hisorange/browser-detect,5.0.3,MIT,MPL_COPYLEFT,LICENSE,NO,,1,CONFIRMED_VIOLATION_UNRESOLVED_TAINT,Unresolved copyleft conflict with: matomo/device-detector (LGPL-3.0-or-later),--- hisorange-browser-detect-6460325/LICENSE --- The MIT License (MIT) Copyright © Varga Zsolt
1606,yiisoft/yii2-redis,2.1.2,BSD-3-Clause,MPL_COPYLEFT,LICENSE.md,NO,,1,BENIGN_LGPL_DYNAMIC_WRAPPER,"Runtime Composer autoload of unmodified LGPL library (ezyang/htmlpurifier (LGPL-2.1-or-later)). Valid under dynamic linking spirit, but lacks third-party notice.",--- yiisoft-yii2-redis-8409051/LICENSE.md --- Copyright © 2008 by Yii Software LLC (http://www.yiisoft.com) All rights reserved.
1615,exercise/htmlpurifier-bundle,5.2,MIT,MPL_COPYLEFT,LICENSE,NO,,1,BENIGN_LGPL_DYNAMIC_WRAPPER,"Runtime Composer autoload of unmodified LGPL library (ezyang/htmlpurifier (LGPL-2.1-or-later)). Valid under dynamic linking spirit, but lacks third-party notice.","--- Exercise-HTMLPurifierBundle-d7cb1c8/LICENSE --- https://github.com/Exercise/HTMLPurifierBundle/graphs/contributors Permission is hereby granted, free of charge, to any person obtaining a copy"
1627,yiisoft/yii2-bootstrap,2.0.11,BSD-3-Clause,MPL_COPYLEFT,LICENSE.md,NO,,1,BENIGN_LGPL_DYNAMIC_WRAPPER,"Runtime Composer autoload of unmodified LGPL library (ezyang/htmlpurifier (LGPL-2.1-or-later)). Valid under dynamic linking spirit, but lacks third-party notice.",--- yiisoft-yii2-bootstrap-83d144f/LICENSE.md --- Copyright © 2008 by Yii Software LLC (http://www.yiisoft.com) All rights reserved.
1706,yiisoft/yii2-faker,2.0.5,BSD-3-Clause,MPL_COPYLEFT,LICENSE.md,NO,,1,BENIGN_LGPL_DYNAMIC_WRAPPER,"Runtime Composer autoload of unmodified LGPL library (ezyang/htmlpurifier (LGPL-2.1-or-later)). Valid under dynamic linking spirit, but lacks third-party notice.",--- yiisoft-yii2-faker-8c36165/LICENSE.md --- Copyright © 2008-2018 by Yii Software LLC (http://www.yiisoft.com) All rights reserved.
1715,yiisoft/yii2-httpclient,2.0.17,BSD-3-Clause,MPL_COPYLEFT,LICENSE.md,NO,,1,BENIGN_LGPL_DYNAMIC_WRAPPER,"Runtime Composer autoload of unmodified LGPL library (ezyang/htmlpurifier (LGPL-2.1-or-later)). Valid under dynamic linking spirit, but lacks third-party notice.",--- yiisoft-yii2-httpclient-498e956/LICENSE.md --- Copyright © 2008-2013 by Yii Software LLC (http://www.yiisoft.com) All rights reserved.
1780,paypal/paypal-server-sdk,2.4.0,MIT,MPL_COPYLEFT,LICENSE,YES,,1,CONFIRMED_VIOLATION_VIRAL_COPYLEFT,Permissive package imports viral copyleft dependency (apimatic/jsonmapper (OSL-3.0)) without copyleft distribution licensing.,"--- paypal-PayPal-PHP-Server-SDK-b6be767/LICENSE --- The PayPal Server SDK is released under the following license: Copyright (c) 2024 PAYPAL, INC."
1819,shopware/core,v6.7.13.1,MIT,MPL_COPYLEFT,"payment_terms.xml.twig, license.html.twig, LICENSE",NO,,6,CONFIRMED_VIOLATION_UNRESOLVED_TAINT,"Unresolved copyleft conflict with: dompdf/php-svg-lib (LGPL-3.0-or-later), smalot/pdfparser (LGPL-3.0)",--- shopware-core-b104033/Framework/Resources/views/documents/zugferd/includes/payment_terms.xml.twig --- <ram:SpecifiedTradePaymentTerms> <ram:DueDateDateTime>
1822,yiisoft/yii2-symfonymailer,4.0.0,BSD-3-Clause,MPL_COPYLEFT,LICENSE.md,NO,,1,BENIGN_LGPL_DYNAMIC_WRAPPER,"Runtime Composer autoload of unmodified LGPL library (ezyang/htmlpurifier (LGPL-2.1-or-later)). Valid under dynamic linking spirit, but lacks third-party notice.",--- yiisoft-yii2-symfonymailer-21f4072/LICENSE.md --- Copyright © 2008-2013 by Yii Software LLC (http://www.yiisoft.com) All rights reserved.
1870,shopware/storefront,v6.7.13.1,MIT,MPL_COPYLEFT,"LICENSE, dev-server-notice-plugin.ts, LICENSE, LICENSE.md, LICENSE, privacy-notice.html.twig",NO,,6,CONFIRMED_VIOLATION_UNRESOLVED_TAINT,"Unresolved copyleft conflict with: dompdf/php-svg-lib (LGPL-3.0-or-later), smalot/pdfparser (LGPL-3.0)","--- shopware-storefront-9817285/LICENSE --- Copyright 2019 shopware AG Permission is hereby granted, free of charge, to any person obtaining a copy of this software and associated"
1878,prestashop/translationtools-bundle,v6.1.1,MIT,MPL_COPYLEFT,LICENSE.md,NO,,1,CONFIRMED_VIOLATION_UNRESOLVED_TAINT,Unresolved copyleft conflict with: smarty/smarty (LGPL-3.0),--- PrestaShop-TranslationToolsBundle-f2766d2/LICENSE.md --- The MIT License (MIT) =====================
1879,statamic/cms,v6.30.0,proprietary,MPL_COPYLEFT,"LICENSE.md, LICENSE.txt, license.svg",NO,,1,CONFIRMED_VIOLATION_UNRESOLVED_TAINT,"Unresolved copyleft conflict with: james-heinrich/getid3 (GPL-1.0-or-later, LGPL-3.0-only)","--- statamic-cms-04b74b3/LICENSE.md --- Copyright © Statamic, LLC. Permission is hereby granted to any person obtaining a copy of this software (the “Software”) to use, copy, modify, merge, publish an"
1949,palantirnet/drupal-rector,1.1.2,MIT,NO_PHYSICAL_LICENSE_FILE,None,NO,,1,POTENTIAL_VIOLATION_NO_LICENSE,"Package lacks any physical LICENSE file in release archive, relying purely on composer.json string.",
1979,lesstif/php-jira-rest-client,5.12.1,Apache-2.0,MPL_COPYLEFT,LICENSE,NO,,1,CONFIRMED_VIOLATION_VIRAL_COPYLEFT,Permissive package imports viral copyleft dependency (netresearch/jsonmapper (OSL-3.0)) without copyleft distribution licensing.,"--- lesstif-php-jira-rest-client-ae39032/LICENSE --- Copyright (c) 2020 KwangSeob Jeong(lesstif@gmail.com) Licensed under the Apache License, Version 2.0 (the ""License"");"
1996,wamania/php-stemmer,v4.0.0,MIT,MPL_COPYLEFT,LICENSE,NO,,1,CONFIRMED_VIOLATION_UNRESOLVED_TAINT,Unresolved copyleft conflict with: joomla/string (GPL-2.0-or-later),--- wamania-php-stemmer-d965092/LICENSE --- The MIT License (MIT) Copyright (c) 2016 wamania
2008,yiisoft/yii2-swiftmailer,2.1.3,BSD-3-Clause,MPL_COPYLEFT,LICENSE.md,NO,,1,BENIGN_LGPL_DYNAMIC_WRAPPER,"Runtime Composer autoload of unmodified LGPL library (ezyang/htmlpurifier (LGPL-2.1-or-later)). Valid under dynamic linking spirit, but lacks third-party notice.",--- yiisoft-yii2-swiftmailer-7b7ec87/LICENSE.md --- Copyright © 2008-2013 by Yii Software LLC (http://www.yiisoft.com) All rights reserved.
2010,workos/workos-php,v9.2.0,MIT,MPL_COPYLEFT,LICENSE,NO,,2,CONFIRMED_VIOLATION_UNRESOLVED_TAINT,"Unresolved copyleft conflict with: paragonie/halite (MPL-2.0), paragonie/hidden-string (MPL-2.0)",--- workos-workos-php-53d6cee/LICENSE --- MIT License Copyright (c) 2021 WorkOS
2050,square/square,46.1.0.20260819,MIT,MPL_COPYLEFT,LICENSE,NO,,1,CONFIRMED_VIOLATION_VIRAL_COPYLEFT,Permissive package imports viral copyleft dependency (apimatic/jsonmapper (OSL-3.0)) without copyleft distribution licensing.,--- square-square-php-sdk-fef7026/LICENSE --- MIT License Copyright (c) 2026 Square.
2064,coenjacobs/mozart,1.2.3,MIT,MPL_COPYLEFT,LICENSE,NO,,1,CONFIRMED_VIOLATION_VIRAL_COPYLEFT,Permissive package imports viral copyleft dependency (netresearch/jsonmapper (OSL-3.0)) without copyleft distribution licensing.,--- coenjacobs-mozart-5e20f29/LICENSE --- The MIT License (MIT) Copyright (c) Coen Jacobs <coenjacobs@gmail.com>
2070,shopware/elasticsearch,v6.7.13.1,MIT,MPL_COPYLEFT,LICENSE,NO,,6,CONFIRMED_VIOLATION_UNRESOLVED_TAINT,"Unresolved copyleft conflict with: dompdf/php-svg-lib (LGPL-3.0-or-later), smalot/pdfparser (LGPL-3.0)","--- shopware-elasticsearch-16f32cc/LICENSE --- Copyright 2019 shopware AG Permission is hereby granted, free of charge, to any person obtaining a copy of this software and associated"
2079,shopware/administration,v6.7.13.1,MIT,MPL_COPYLEFT,"LICENSE, sw-license-violation.html.twig, sw-license-violation.scss, license-violations.service.js, license-violation.store.ts, sw-settings-search-excluded-search-terms.html.twig, sw-settings-search-excluded-search-terms.scss, copyright-4167901b-_4K-k1QR.js, copyright-Cydwr03U.js, copyright-_4K-k1QR.js, copyright-d4dc7f38-Cydwr03U.js",NO,,6,CONFIRMED_VIOLATION_UNRESOLVED_TAINT,"Unresolved copyleft conflict with: dompdf/php-svg-lib (LGPL-3.0-or-later), smalot/pdfparser (LGPL-3.0)","--- shopware-administration-5bddb72/LICENSE --- Copyright 2019 shopware AG Permission is hereby granted, free of charge, to any person obtaining a copy of this software and associated"
2084,shopware/conflicts,0.6.2,MIT,NO_PHYSICAL_LICENSE_FILE,None,NO,,6,POTENTIAL_VIOLATION_NO_LICENSE,"Package lacks any physical LICENSE file in release archive, relying purely on composer.json string.",
2108,wp-cli/wp-cli-tests,v5.2.3,MIT,MPL_COPYLEFT,LICENSE,NO,,3,CONFIRMED_VIOLATION_UNRESOLVED_TAINT,"Unresolved copyleft conflict with: wp-hooks/wordpress-core (GPL-3.0-or-later), phpcsstandards/phpcsutils (LGPL-3.0-or-later), phpcsstandards/phpcsextra (LGPL-3.0-or-later)",--- wp-cli-wp-cli-tests-d11decc/LICENSE --- The MIT License (MIT) Copyright (C) 2011-2018 WP-CLI Development Group (https://github.com/wp-cli/wp-cli/contributors)
2119,enqueue/amqp-lib,0.10.27,MIT,MPL_COPYLEFT,LICENSE,NO,,1,BENIGN_LGPL_DYNAMIC_WRAPPER,"Runtime Composer autoload of unmodified LGPL library (php-amqplib/php-amqplib (LGPL-2.1-or-later)). Valid under dynamic linking spirit, but lacks third-party notice.",--- php-enqueue-amqp-lib-bb4c9e7/LICENSE --- The MIT License (MIT) Copyright (c) 2017 Paul McLaren
2126,lucatume/wp-browser,4.7.2,MIT,GPL_COPYLEFT,"LICENSE, LICENSE, LICENSE",YES,,1,CONFIRMED_VIOLATION_UNRESOLVED_TAINT,Unresolved copyleft conflict with: druidfi/mysqldump-php (GPL-3.0-or-later),--- lucatume-wp-browser-ec746e4/LICENSE --- MIT License Copyright (c) 2020 Luca Tumedei
2135,yiisoft/yii2-jui,2.0.7,BSD-3-Clause,MPL_COPYLEFT,LICENSE.md,NO,,1,BENIGN_LGPL_DYNAMIC_WRAPPER,"Runtime Composer autoload of unmodified LGPL library (ezyang/htmlpurifier (LGPL-2.1-or-later)). Valid under dynamic linking spirit, but lacks third-party notice.",--- yiisoft-yii2-jui-ce45c16/LICENSE.md --- The Yii framework is free software. It is released under the terms of the following BSD License.
2160,vardot/ckeditor5-anchor-drupal,2.0.5,MIT,MPL_COPYLEFT,"LICENSE, LICENSE.md",NO,,2,CONFIRMED_VIOLATION_UNRESOLVED_TAINT,"Unresolved copyleft conflict with: drupal/core (GPL-2.0-or-later), drupal/core-composer-scaffold (GPL-2.0-or-later)","--- Vardot-ckeditor5-anchor-drupal-3da1fa2/LICENSE --- MIT License Permission is hereby granted, free of charge, to any person obtaining a copy of this software and associated documentation files (the"
2213,psalm/plugin-laravel,v4.15.7,MIT,MPL_COPYLEFT,LICENSE,NO,,1,CONFIRMED_VIOLATION_VIRAL_COPYLEFT,Permissive package imports viral copyleft dependency (netresearch/jsonmapper (OSL-3.0)) without copyleft distribution licensing.,--- psalm-psalm-plugin-laravel-51e8303/LICENSE --- MIT License Copyright (c) 2020 Psalm
2247,carlos-meneses/laravel-mpdf,2.1.13,MIT,NO_PHYSICAL_LICENSE_FILE,None,NO,,1,POTENTIAL_VIOLATION_NO_LICENSE,"Package lacks any physical LICENSE file in release archive, relying purely on composer.json string.",
2305,setasign/fpdi-tcpdf,v2.3.0,MIT,MPL_COPYLEFT,LICENSE.txt,NO,,14,CONFIRMED_VIOLATION_UNRESOLVED_TAINT,"Unresolved copyleft conflict with: tecnickcom/tcpdf (LGPL-3.0-or-later), tecnickcom/tc-lib-pdf (LGPL-3.0-or-later), tecnickcom/tc-lib-barcode (LGPL-3.0-or-later), tecnickcom/tc-lib-color (LGPL-3.0-or-later), tecnickcom/tc-lib-pdf-image (LGPL-3.0-or-later), tecnickcom/tc-lib-pdf-font (LGPL-3.0-or-later), tecnickcom/tc-lib-file (LGPL-3.0-or-later), tecnickcom/tc-lib-pdf-encrypt (LGPL-3.0-or-later), tecnickcom/tc-lib-pdf-sign (LGPL-3.0-or-later), tecnickcom/tc-lib-unicode-data (LGPL-3.0-or-later), tecnickcom/tc-lib-unicode (LGPL-3.0-or-later), tecnickcom/tc-lib-pdf-page (LGPL-3.0-or-later), tecnickcom/tc-lib-pdf-graph (LGPL-3.0-or-later), tecnickcom/tc-lib-pdf-parser (LGPL-3.0-or-later)","--- Setasign-FPDI-TCPDF-f6711a9/LICENSE.txt --- The MIT License (MIT) Copyright (c) 2020 Setasign GmbH & Co. KG, https://www.setasign.com"
2326,weirdan/doctrine-psalm-plugin,v2.10.0,MIT,NO_PHYSICAL_LICENSE_FILE,None,NO,,1,CONFIRMED_VIOLATION_VIRAL_COPYLEFT,Permissive package imports viral copyleft dependency (netresearch/jsonmapper (OSL-3.0)) without copyleft distribution licensing.,
2387,yiisoft/yii2-authclient,2.2.17,BSD-3-Clause,MPL_COPYLEFT,LICENSE.md,NO,,1,BENIGN_LGPL_DYNAMIC_WRAPPER,"Runtime Composer autoload of unmodified LGPL library (ezyang/htmlpurifier (LGPL-2.1-or-later)). Valid under dynamic linking spirit, but lacks third-party notice.",--- yiisoft-yii2-authclient-3e095a9/LICENSE.md --- Copyright © 2008-2013 by Yii Software LLC (http://www.yiisoft.com) All rights reserved.
2400,saschaegerer/phpstan-typo3,3.1.0,MIT,MPL_COPYLEFT,LICENSE,NO,,7,CONFIRMED_VIOLATION_VIRAL_COPYLEFT,"Permissive package imports viral copyleft dependency (typo3/cms-core (GPL-2.0-or-later), enshrined/svg-sanitize (GPL-2.0-or-later), typo3/cms-cli (GPL-2.0-or-later), typo3/cms-composer-installers (GPL-2.0-or-later), typo3fluid/fluid (LGPL-3.0-or-later), typo3/cms-extbase (GPL-2.0-or-later), bnf/phpstan-psr-container (GPL-2.0-or-later)) without copyleft distribution licensing.",--- sascha-egerer-phpstan-typo3-a5e6752/LICENSE --- MIT License Copyright (c) 2017 Sascha Egerer
2436,ssch/typo3-debug-dump-pass,v0.0.3,MIT,NO_PHYSICAL_LICENSE_FILE,None,NO,,5,CONFIRMED_VIOLATION_VIRAL_COPYLEFT,"Permissive package imports viral copyleft dependency (typo3/cms-core (GPL-2.0-or-later), enshrined/svg-sanitize (GPL-2.0-or-later), typo3/cms-cli (GPL-2.0-or-later), typo3/cms-composer-installers (GPL-2.0-or-later), typo3fluid/fluid (LGPL-3.0-or-later)) without copyleft distribution licensing.",
2439,kartik-v/yii2-mpdf,v1.0.6,BSD-3-Clause,MPL_COPYLEFT,LICENSE.md,NO,,1,CONFIRMED_VIOLATION_UNRESOLVED_TAINT,Unresolved copyleft conflict with: mpdf/mpdf (GPL-2.0-only),"--- kartik-v-yii2-mpdf-7ea3a5f/LICENSE.md --- Copyright (c) 2014 - 2020, Kartik Visweswaran Krajee.com"
2452,johnbillion/wp-compat,2.0.1,MIT,MPL_COPYLEFT,LICENSE,NO,,1,CONFIRMED_VIOLATION_UNRESOLVED_TAINT,Unresolved copyleft conflict with: wp-hooks/wordpress-core (GPL-3.0-or-later),--- johnbillion-wp-compat-b2e32bd/LICENSE --- MIT License Copyright (c) 2024 John Blackbourn
2457,sylius/sylius,v2.2.8,Unspecified,MPL_COPYLEFT,"LICENSE, LICENSE_OF_TRADEMARK_AND_LOGO, LICENSE, LICENSE_OF_TRADEMARK_AND_LOGO, LICENSE, LICENSE_OF_TRADEMARK_AND_LOGO, LICENSE, LICENSE_OF_TRADEMARK_AND_LOGO, LICENSE, LICENSE_OF_TRADEMARK_AND_LOGO, LICENSE, LICENSE_OF_TRADEMARK_AND_LOGO, LICENSE, LICENSE_OF_TRADEMARK_AND_LOGO, LICENSE, LICENSE_OF_TRADEMARK_AND_LOGO, LICENSE, LICENSE_OF_TRADEMARK_AND_LOGO, LICENSE, LICENSE_OF_TRADEMARK_AND_LOGO, LICENSE, LICENSE_OF_TRADEMARK_AND_LOGO, LICENSE, LICENSE_OF_TRADEMARK_AND_LOGO, LICENSE, LICENSE_OF_TRADEMARK_AND_LOGO, LICENSE, LICENSE_OF_TRADEMARK_AND_LOGO, LICENSE, LICENSE_OF_TRADEMARK_AND_LOGO, LICENSE, LICENSE_OF_TRADEMARK_AND_LOGO, LICENSE, LICENSE_OF_TRADEMARK_AND_LOGO, LICENSE, LICENSE_OF_TRADEMARK_AND_LOGO, LICENSE, LICENSE_OF_TRADEMARK_AND_LOGO, LICENSE, LICENSE_OF_TRADEMARK_AND_LOGO, LICENSE, LICENSE_OF_TRADEMARK_AND_LOGO, terms_and_conditions.html.twig, LICENSE, LICENSE_OF_TRADEMARK_AND_LOGO, LICENSE, LICENSE_OF_TRADEMARK_AND_LOGO, LICENSE, LICENSE_OF_TRADEMARK_AND_LOGO, LICENSE, LICENSE_OF_TRADEMARK_AND_LOGO, LICENSE, LICENSE_OF_TRADEMARK_AND_LOGO, LICENSE, LICENSE_OF_TRADEMARK_AND_LOGO, LICENSE, LICENSE_OF_TRADEMARK_AND_LOGO, LICENSE, LICENSE_OF_TRADEMARK_AND_LOGO, LICENSE, LICENSE_OF_TRADEMARK_AND_LOGO, LICENSE, LICENSE_OF_TRADEMARK_AND_LOGO, LICENSE, LICENSE_OF_TRADEMARK_AND_LOGO, LICENSE, LICENSE_OF_TRADEMARK_AND_LOGO, LICENSE, LICENSE_OF_TRADEMARK_AND_LOGO, LICENSE, LICENSE_OF_TRADEMARK_AND_LOGO, LICENSE, LICENSE_OF_TRADEMARK_AND_LOGO, LICENSE, LICENSE_OF_TRADEMARK_AND_LOGO, LICENSE, LICENSE_OF_TRADEMARK_AND_LOGO, LICENSE, LICENSE_OF_TRADEMARK_AND_LOGO, LICENSE, LICENSE_OF_TRADEMARK_AND_LOGO, LICENSE, LICENSE_OF_TRADEMARK_AND_LOGO, LICENSE, LICENSE_OF_TRADEMARK_AND_LOGO",YES,,2,CONFIRMED_VIOLATION_UNRESOLVED_TAINT,"Unresolved copyleft conflict with: paragonie/halite (MPL-2.0), paragonie/hidden-string (MPL-2.0)","--- Sylius-Sylius-3c39f6a/LICENSE --- Copyright (c) 2011-present Sylius Sp. z o.o. Permission is hereby granted, free of charge, to any person obtaining a copy"
2475,nfephp-org/sped-da,v1.1.6,"LGPL-3.0-or-later+, GPL-3.0-or-later, MIT",LGPL_COPYLEFT,LICENSE,NO,IN_CODE_LGPL; IN_CODE_GPL,2,CONFIRMED_VIOLATION_UNRESOLVED_TAINT,"Unresolved copyleft conflict with: tecnickcom/tc-lib-barcode (LGPL-3.0-or-later), tecnickcom/tc-lib-color (LGPL-3.0-or-later)","--- nfephp-org-sped-da-93ae550/LICENSE --- GNU LESSER GENERAL PUBLIC LICENSE Version 3, 29 June 2007"
2492,consoletvs/charts,6.9.0,MIT,MPL_COPYLEFT,LICENSE,NO,,1,CONFIRMED_VIOLATION_UNRESOLVED_TAINT,Unresolved copyleft conflict with: balping/json-raw-encoder (GPL-3.0-only),--- ConsoleTVs-Charts-7f8a397/LICENSE --- MIT License Copyright (c) Èrik Campobadal Forés <soc@erik.cat>
2523,mike42/escpos-php,v5.0,MIT,MPL_COPYLEFT,LICENSE.md,NO,,1,CONFIRMED_VIOLATION_UNRESOLVED_TAINT,Unresolved copyleft conflict with: mike42/gfx-php (LGPL-2.1-or-later),"--- mike42-escpos-php-985d57c/LICENSE.md --- MIT License Copyright (c) 2014-2026 Michael Billington, incorporating modifications by others."
2670,cloudconvert/cloudconvert-php,3.4.4,Unspecified,MPL_COPYLEFT,LICENSE,NO,,1,CONFIRMED_VIOLATION_VIRAL_COPYLEFT,Permissive package imports viral copyleft dependency (netresearch/jsonmapper (OSL-3.0)) without copyleft distribution licensing.,--- cloudconvert-cloudconvert-php-0ff87ef/LICENSE --- MIT License Copyright (c) 2017 Josias Montag <josias@montag.info>
2684,yiisoft/yii2-imagine,2.3.1,BSD-3-Clause,MPL_COPYLEFT,LICENSE.md,NO,,1,BENIGN_LGPL_DYNAMIC_WRAPPER,"Runtime Composer autoload of unmodified LGPL library (ezyang/htmlpurifier (LGPL-2.1-or-later)). Valid under dynamic linking spirit, but lacks third-party notice.",--- yiisoft-yii2-imagine-7ec4332/LICENSE.md --- Copyright © 2008-2013 by Yii Software LLC (http://www.yiisoft.com) All rights reserved.
2723,xemlock/htmlpurifier-html5,v0.1.12,MIT,MPL_COPYLEFT,LICENSE,NO,,1,BENIGN_LGPL_DYNAMIC_WRAPPER,"Runtime Composer autoload of unmodified LGPL library (ezyang/htmlpurifier (LGPL-2.1-or-later)). Valid under dynamic linking spirit, but lacks third-party notice.",--- xemlock-htmlpurifier-html5-535349c/LICENSE --- The MIT License (MIT) Copyright (c) 2015 Xemlock
2762,nystudio107/craft-code-editor,1.0.30,MIT,MPL_COPYLEFT,LICENSE.md,NO,,2,CONFIRMED_VIOLATION_VIRAL_COPYLEFT,Permissive package imports viral copyleft dependency (enshrined/svg-sanitize (GPL-2.0-or-later)) without copyleft distribution licensing.,--- nystudio107-craft-code-editor-98fc454/LICENSE.md --- The MIT License (MIT) Copyright (c) nystudio107
2819,apache-solr-for-typo3/solr,13.1.4,Unspecified,GPL_COPYLEFT,LICENSE.txt,YES,IN_CODE_GPL,13,CONFIRMED_VIOLATION_VIRAL_COPYLEFT,"Permissive package imports viral copyleft dependency (typo3/cms-backend (GPL-2.0-or-later), typo3/cms-core (GPL-2.0-or-later), enshrined/svg-sanitize (GPL-2.0-or-later), typo3/cms-cli (GPL-2.0-or-later), typo3/cms-composer-installers (GPL-2.0-or-later), typo3fluid/fluid (LGPL-3.0-or-later), typo3/cms-extbase (GPL-2.0-or-later), typo3/cms-fluid (GPL-2.0-or-later), typo3/cms-frontend (GPL-2.0-or-later), typo3/cms-install (GPL-2.0-or-later), typo3/cms-reports (GPL-2.0-or-later), typo3/cms-scheduler (GPL-2.0-or-later), typo3/cms-tstemplate (GPL-2.0-or-later)) without copyleft distribution licensing.","--- TYPO3-Solr-ext-solr-722363e/LICENSE.txt --- GNU GENERAL PUBLIC LICENSE Version 3, 29 June 2007"
2822,bschmitt/laravel-amqp,v3.4.1,MIT,MPL_COPYLEFT,LICENSE,NO,,1,BENIGN_LGPL_DYNAMIC_WRAPPER,"Runtime Composer autoload of unmodified LGPL library (php-amqplib/php-amqplib (LGPL-2.1-or-later)). Valid under dynamic linking spirit, but lacks third-party notice.",--- bschmitt-laravel-amqp-1b8a552/LICENSE --- The MIT License (MIT) Copyright (c) 2015 Björn Schmitt
2851,lesstif/jira-cloud-restapi,1.11.1,Apache-2.0,MPL_COPYLEFT,LICENSE,NO,,1,CONFIRMED_VIOLATION_VIRAL_COPYLEFT,Permissive package imports viral copyleft dependency (netresearch/jsonmapper (OSL-3.0)) without copyleft distribution licensing.,"--- lesstif-php-JiraCloud-RESTAPI-237c3e2/LICENSE --- Copyright (c) 2020 KwangSeob Jeong(lesstif@gmail.com) Licensed under the Apache License, Version 2.0 (the ""License"");"
2965,yiisoft/yii2-bootstrap5,2.0.51,BSD-3-Clause,MPL_COPYLEFT,LICENSE.md,NO,,1,BENIGN_LGPL_DYNAMIC_WRAPPER,"Runtime Composer autoload of unmodified LGPL library (ezyang/htmlpurifier (LGPL-2.1-or-later)). Valid under dynamic linking spirit, but lacks third-party notice.",--- yiisoft-yii2-bootstrap5-23675f6/LICENSE.md --- Copyright © 2008 by Yii Software LLC (http://www.yiisoft.com) All rights reserved.
2970,yiisoft/yii2-bootstrap4,2.0.12,BSD-3-Clause,MPL_COPYLEFT,LICENSE.md,NO,,1,BENIGN_LGPL_DYNAMIC_WRAPPER,"Runtime Composer autoload of unmodified LGPL library (ezyang/htmlpurifier (LGPL-2.1-or-later)). Valid under dynamic linking spirit, but lacks third-party notice.",--- yiisoft-yii2-bootstrap4-49f9b70/LICENSE.md --- Copyright © 2008 by Yii Software LLC (https://www.yiisoft.com) All rights reserved.
3035,verbb/base,3.0.14,MIT,MPL_COPYLEFT,LICENSE.md,NO,,2,CONFIRMED_VIOLATION_VIRAL_COPYLEFT,Permissive package imports viral copyleft dependency (enshrined/svg-sanitize (GPL-2.0-or-later)) without copyleft distribution licensing.,--- verbb-verbb-base-c847f89/LICENSE.md --- Copyright © Verbb Permission is hereby granted to any person obtaining a copy of this software
3123,elibyy/tcpdf-laravel,13.0.1,MIT,MPL_COPYLEFT,LICENSE,NO,,14,CONFIRMED_VIOLATION_UNRESOLVED_TAINT,"Unresolved copyleft conflict with: tecnickcom/tcpdf (LGPL-3.0-or-later), tecnickcom/tc-lib-pdf (LGPL-3.0-or-later), tecnickcom/tc-lib-barcode (LGPL-3.0-or-later), tecnickcom/tc-lib-color (LGPL-3.0-or-later), tecnickcom/tc-lib-pdf-image (LGPL-3.0-or-later), tecnickcom/tc-lib-pdf-font (LGPL-3.0-or-later), tecnickcom/tc-lib-file (LGPL-3.0-or-later), tecnickcom/tc-lib-pdf-encrypt (LGPL-3.0-or-later), tecnickcom/tc-lib-pdf-sign (LGPL-3.0-or-later), tecnickcom/tc-lib-unicode-data (LGPL-3.0-or-later), tecnickcom/tc-lib-unicode (LGPL-3.0-or-later), tecnickcom/tc-lib-pdf-page (LGPL-3.0-or-later), tecnickcom/tc-lib-pdf-graph (LGPL-3.0-or-later), tecnickcom/tc-lib-pdf-parser (LGPL-3.0-or-later)",--- elibyy-tcpdf-laravel-2a30d59/LICENSE --- The MIT License (MIT) Copyright (c) [year] [fullname]
3182,psalm/plugin-mockery,1.2.1,MIT,MPL_COPYLEFT,LICENSE,NO,,1,CONFIRMED_VIOLATION_VIRAL_COPYLEFT,Permissive package imports viral copyleft dependency (netresearch/jsonmapper (OSL-3.0)) without copyleft distribution licensing.,--- psalm-psalm-plugin-mockery-684e5b5/LICENSE --- MIT License Copyright (c) 2018 Psalm
3211,rmrevin/yii2-fontawesome,3.7.0,MIT,MPL_COPYLEFT,LICENSE,NO,,1,BENIGN_LGPL_DYNAMIC_WRAPPER,"Runtime Composer autoload of unmodified LGPL library (ezyang/htmlpurifier (LGPL-2.1-or-later)). Valid under dynamic linking spirit, but lacks third-party notice.",--- rmrevin-yii2-fontawesome-4a1c6b6/LICENSE --- The MIT License (MIT) Copyright (c) 2014 Revin Roman Borisovich
3218,creocoder/yii2-nested-sets,0.9.0,BSD-3-Clause,MPL_COPYLEFT,LICENSE.md,NO,,1,BENIGN_LGPL_DYNAMIC_WRAPPER,"Runtime Composer autoload of unmodified LGPL library (ezyang/htmlpurifier (LGPL-2.1-or-later)). Valid under dynamic linking spirit, but lacks third-party notice.",--- creocoder-yii2-nested-sets-cb8635a/LICENSE.md --- The nested sets behavior for the Yii framework is free software. It is released under the terms of the following BSD License.
3254,stellarwp/superglobals,2.0.0,MIT,MPL_COPYLEFT,LICENSE,NO,,1,CONFIRMED_VIOLATION_UNRESOLVED_TAINT,Unresolved copyleft conflict with: stellarwp/arrays (GPL-2.0),--- stellarwp-superglobals-188f446/LICENSE --- MIT License Copyright (c) 2023 StellarWP
3306,alibabacloud/client,1.5.32,Apache-2.0,MPL_COPYLEFT,"LICENSE.md, NOTICE.md",NO,,1,CONFIRMED_VIOLATION_UNRESOLVED_TAINT,Unresolved copyleft conflict with: clagiordano/weblibs-configmanager (LGPL-3.0-or-later),"--- aliyun-openapi-sdk-php-client-5bc6f6d/LICENSE.md --- Copyright (c) 2009-present, Alibaba Cloud All rights reserved. Licensed under the Apache License, Version 2.0 (the ""License"");"
3318,nucleos/dompdf-bundle,4.5.0,MIT,MPL_COPYLEFT,LICENSE.md,NO,,3,CONFIRMED_VIOLATION_UNRESOLVED_TAINT,Unresolved copyleft conflict with: dompdf/php-svg-lib (LGPL-3.0-or-later),--- nucleos-NucleosDompdfBundle-757af27/LICENSE.md --- The MIT License (MIT) Copyright (c) 2015 Christian Gripp
3323,rubix/ml,2.5.10,MIT,MPL_COPYLEFT,LICENSE,NO,,1,CONFIRMED_VIOLATION_UNRESOLVED_TAINT,Unresolved copyleft conflict with: joomla/string (GPL-2.0-or-later),--- RubixML-ML-165fa68/LICENSE --- MIT License Copyright (c) 2023 The Rubix ML Community
3394,kartik-v/yii2-export,v1.4.3,BSD-3-Clause,MPL_COPYLEFT,LICENSE.md,NO,,1,CONFIRMED_VIOLATION_UNRESOLVED_TAINT,Unresolved copyleft conflict with: mpdf/mpdf (GPL-2.0-only),"--- kartik-v-yii2-export-5c033d4/LICENSE.md --- Copyright (c) 2015 - 2023, Kartik Visweswaran Krajee.com"
3440,niklasravnsborg/laravel-pdf,v4.1.0,MIT,NO_PHYSICAL_LICENSE_FILE,None,NO,,1,POTENTIAL_VIOLATION_NO_LICENSE,"Package lacks any physical LICENSE file in release archive, relying purely on composer.json string.",
3492,statamic/eloquent-driver,v5.11.0,MIT,MPL_COPYLEFT,LICENSE.md,NO,,1,CONFIRMED_VIOLATION_UNRESOLVED_TAINT,"Unresolved copyleft conflict with: james-heinrich/getid3 (GPL-1.0-or-later, LGPL-3.0-only)",--- statamic-eloquent-driver-e8d209f/LICENSE.md --- MIT License Copyright (c) 2023 Statamic
3565,propa/tcpdi,v1.3.5,Apache-2.0,MPL_COPYLEFT,LICENSE,YES,IN_CODE_LGPL; IN_CODE_GPL,14,CONFIRMED_VIOLATION_UNRESOLVED_TAINT,"Unresolved copyleft conflict with: tecnickcom/tcpdf (LGPL-3.0-or-later), tecnickcom/tc-lib-pdf (LGPL-3.0-or-later), tecnickcom/tc-lib-barcode (LGPL-3.0-or-later), tecnickcom/tc-lib-color (LGPL-3.0-or-later), tecnickcom/tc-lib-pdf-image (LGPL-3.0-or-later), tecnickcom/tc-lib-pdf-font (LGPL-3.0-or-later), tecnickcom/tc-lib-file (LGPL-3.0-or-later), tecnickcom/tc-lib-pdf-encrypt (LGPL-3.0-or-later), tecnickcom/tc-lib-pdf-sign (LGPL-3.0-or-later), tecnickcom/tc-lib-unicode-data (LGPL-3.0-or-later), tecnickcom/tc-lib-unicode (LGPL-3.0-or-later), tecnickcom/tc-lib-pdf-page (LGPL-3.0-or-later), tecnickcom/tc-lib-pdf-graph (LGPL-3.0-or-later), tecnickcom/tc-lib-pdf-parser (LGPL-3.0-or-later)","--- kulbakin-tcpdi-4fec305/LICENSE --- Apache License Version 2.0, January 2004"
3577,laravel/workos,v0.6.0,MIT,MPL_COPYLEFT,LICENSE.md,NO,,2,CONFIRMED_VIOLATION_UNRESOLVED_TAINT,"Unresolved copyleft conflict with: paragonie/halite (MPL-2.0), paragonie/hidden-string (MPL-2.0)",--- laravel-workos-4114d6a/LICENSE.md --- The MIT License (MIT) Copyright (c) Taylor Otwell
3581,samdark/yii2-psr-log-target,1.1.4,BSD-3-Clause,MPL_COPYLEFT,LICENSE,NO,,1,BENIGN_LGPL_DYNAMIC_WRAPPER,"Runtime Composer autoload of unmodified LGPL library (ezyang/htmlpurifier (LGPL-2.1-or-later)). Valid under dynamic linking spirit, but lacks third-party notice.","--- samdark-yii2-psr-log-target-5f14f21/LICENSE --- Copyright (c) 2017, Alexander Makarov All rights reserved."
3598,neos/fluid-adaptor,9.1.2,Unspecified,MPL_COPYLEFT,LICENSE,NO,,1,CONFIRMED_VIOLATION_UNRESOLVED_TAINT,Unresolved copyleft conflict with: typo3fluid/fluid (LGPL-3.0-or-later),--- neos-fluidadaptor-942c67b/LICENSE --- The MIT License (MIT) Copyright (c) 2015 Neos project contributors
3656,mindee/mindee,v3.1.0,MIT,LGPL_COPYLEFT,".allowed-licenses, LICENSE, driver_license_v1_async.txt",NO,,1,CONFIRMED_VIOLATION_UNRESOLVED_TAINT,Unresolved copyleft conflict with: smalot/pdfparser (LGPL-3.0),--- mindee-mindee-api-php-12c7fd3/.allowed-licenses --- - MIT - BSD-3-Clause
3663,yiisoft/yii2-shell,2.0.6,BSD-3-Clause,MPL_COPYLEFT,LICENSE.md,NO,,1,BENIGN_LGPL_DYNAMIC_WRAPPER,"Runtime Composer autoload of unmodified LGPL library (ezyang/htmlpurifier (LGPL-2.1-or-later)). Valid under dynamic linking spirit, but lacks third-party notice.",--- yiisoft-yii2-shell-c0aef88/LICENSE.md --- Copyright © 2008 by Yii Software LLC (http://www.yiisoft.com) All rights reserved.
3681,plank/laravel-mediable,7.0.0,MIT,MPL_COPYLEFT,LICENSE.md,NO,,1,CONFIRMED_VIOLATION_VIRAL_COPYLEFT,Permissive package imports viral copyleft dependency (enshrined/svg-sanitize (GPL-2.0-or-later)) without copyleft distribution licensing.,--- plank-laravel-mediable-5108415/LICENSE.md --- # The MIT License (MIT) Copyright (c) 2016 Plank Multimedia Inc.
3692,theodo-group/llphant,1.0.1,MIT,MPL_COPYLEFT,LICENSE.md,NO,,2,CONFIRMED_VIOLATION_UNRESOLVED_TAINT,"Unresolved copyleft conflict with: phpoffice/phpword (LGPL-3.0-only), smalot/pdfparser (LGPL-3.0)","--- LLPhant-LLPhant-0d90d8b/LICENSE.md --- The MIT License (MIT) Permission is hereby granted, free of charge, to any person obtaining a copy"
3704,sylius/telemetry,v1.0.1,MIT,NO_PHYSICAL_LICENSE_FILE,None,NO,,2,POTENTIAL_VIOLATION_NO_LICENSE,"Package lacks any physical LICENSE file in release archive, relying purely on composer.json string.",
3706,workos/workos-php-laravel,v8.0.1,MIT,MPL_COPYLEFT,LICENSE,NO,,2,CONFIRMED_VIOLATION_UNRESOLVED_TAINT,"Unresolved copyleft conflict with: paragonie/halite (MPL-2.0), paragonie/hidden-string (MPL-2.0)",--- workos-workos-php-laravel-707550c/LICENSE --- MIT License Copyright (c) 2020 WorkOS
3777,karriere/pdf-merge,v3.4.0,Apache-2.0,MPL_COPYLEFT,LICENSE,YES,IN_CODE_LGPL; IN_CODE_GPL,14,CONFIRMED_VIOLATION_UNRESOLVED_TAINT,"Unresolved copyleft conflict with: tecnickcom/tcpdf (LGPL-3.0-or-later), tecnickcom/tc-lib-pdf (LGPL-3.0-or-later), tecnickcom/tc-lib-barcode (LGPL-3.0-or-later), tecnickcom/tc-lib-color (LGPL-3.0-or-later), tecnickcom/tc-lib-pdf-image (LGPL-3.0-or-later), tecnickcom/tc-lib-pdf-font (LGPL-3.0-or-later), tecnickcom/tc-lib-file (LGPL-3.0-or-later), tecnickcom/tc-lib-pdf-encrypt (LGPL-3.0-or-later), tecnickcom/tc-lib-pdf-sign (LGPL-3.0-or-later), tecnickcom/tc-lib-unicode-data (LGPL-3.0-or-later), tecnickcom/tc-lib-unicode (LGPL-3.0-or-later), tecnickcom/tc-lib-pdf-page (LGPL-3.0-or-later), tecnickcom/tc-lib-pdf-graph (LGPL-3.0-or-later), tecnickcom/tc-lib-pdf-parser (LGPL-3.0-or-later)","--- karriereat-pdf-merge-13e6f60/LICENSE --- Copyright 2017 karriere.at GmbH Licensed under the Apache License, Version 2.0 (the ""License"");"
3790,nystudio107/craft-twig-sandbox,5.0.5,MIT,MPL_COPYLEFT,LICENSE.md,NO,,2,CONFIRMED_VIOLATION_VIRAL_COPYLEFT,Permissive package imports viral copyleft dependency (enshrined/svg-sanitize (GPL-2.0-or-later)) without copyleft distribution licensing.,--- nystudio107-craft-twig-sandbox-e4742fc/LICENSE.md --- The MIT License (MIT) Copyright (c) nystudio107
3800,codex-team/editor.js,v2.0.7,MIT,MPL_COPYLEFT,LICENSE,NO,,1,BENIGN_LGPL_DYNAMIC_WRAPPER,"Runtime Composer autoload of unmodified LGPL library (ezyang/htmlpurifier (LGPL-2.1-or-later)). Valid under dynamic linking spirit, but lacks third-party notice.",--- editor-js-editorjs-php-b2c6586/LICENSE --- MIT License Copyright (c) 2017 CodeX
3806,contao-components/colorbox,1.6.4.3,MIT,NO_PHYSICAL_LICENSE_FILE,None,NO,,1,POTENTIAL_VIOLATION_NO_LICENSE,"Package lacks any physical LICENSE file in release archive, relying purely on composer.json string.",
3856,craftcms/cms,5.10.14,Unspecified,MPL_COPYLEFT,"LICENSE.md, LICENSE.md, composer-LICENSE.txt, LICENSE.txt, copyright.svg, license.twig, app.js.LICENSE.txt, auth.js.LICENSE.txt, axios.js.LICENSE.txt, cp.js.LICENSE.txt, Dashboard.js.LICENSE.txt, fabric.js.LICENSE.txt, fieldsettings.js.LICENSE.txt, garnish.js.LICENSE.txt, graphiql.js.LICENSE.txt, jquery.inputmask.bundle.js.LICENSE.txt, jquery.js.LICENSE.txt, jquery.mobile-events.js.LICENSE.txt, jquery-ui.js.LICENSE.txt, MatrixInput.js.LICENSE.txt, PasskeySetup.js.LICENSE.txt, picturefill.js.LICENSE.txt, PluginManager.js.LICENSE.txt, app.js.LICENSE.txt, queue-manager.js.LICENSE.txt, routes.js.LICENSE.txt, selectize.js.LICENSE.txt, sites.js.LICENSE.txt, UpdatesUtility.js.LICENSE.txt, UpgradeUtility.js.LICENSE.txt, velocity.js.LICENSE.txt, vue.js.LICENSE.txt, xregexp-all.js.LICENSE.txt, jquery.pjax.js.LICENSE.txt",NO,,2,CONFIRMED_VIOLATION_VIRAL_COPYLEFT,Permissive package imports viral copyleft dependency (enshrined/svg-sanitize (GPL-2.0-or-later)) without copyleft distribution licensing.,"--- craftcms-cms-6804f92/LICENSE.md --- Copyright © Pixel & Tonic, Inc. Permission is hereby granted to any person obtaining a copy of this software"
3866,stevebauman/hypertext,v1.1.2,MIT,MPL_COPYLEFT,LICENSE,NO,,1,BENIGN_LGPL_DYNAMIC_WRAPPER,"Runtime Composer autoload of unmodified LGPL library (ezyang/htmlpurifier (LGPL-2.1-or-later)). Valid under dynamic linking spirit, but lacks third-party notice.",--- stevebauman-hypertext-3960f53/LICENSE --- MIT License Copyright (c) 2023 Steve Bauman
3868,sylius/paypal-plugin,v2.0.11,MIT,MPL_COPYLEFT,"LICENSE, LICENSE_OF_TRADEMARK_AND_LOGO",YES,,2,CONFIRMED_VIOLATION_UNRESOLVED_TAINT,"Unresolved copyleft conflict with: paragonie/halite (MPL-2.0), paragonie/hidden-string (MPL-2.0)","--- Sylius-PayPalPlugin-25e4989/LICENSE --- Copyright (c) 2020-present Sylius Sp. z o.o. Permission is hereby granted, free of charge, to any person obtaining a copy"
3910,frosh/tools,3.14.0,MIT,MPL_COPYLEFT,LICENSE.md,NO,,6,CONFIRMED_VIOLATION_UNRESOLVED_TAINT,"Unresolved copyleft conflict with: dompdf/php-svg-lib (LGPL-3.0-or-later), smalot/pdfparser (LGPL-3.0)",--- FriendsOfShopware-FroshTools-f4e5494/LICENSE.md --- MIT License Copyright (c) 2021 Friends of Shopware
3972,sylius/refund-plugin,v2.1.0,MIT,MPL_COPYLEFT,"LICENSE, LICENSE_OF_TRADEMARK_AND_LOGO",YES,,2,CONFIRMED_VIOLATION_UNRESOLVED_TAINT,"Unresolved copyleft conflict with: paragonie/halite (MPL-2.0), paragonie/hidden-string (MPL-2.0)","--- Sylius-RefundPlugin-5161e11/LICENSE --- Copyright (c) 2018-present Sylius Sp. z o.o. Permission is hereby granted, free of charge, to any person obtaining a copy"
4106,retailcrm/api-client-php,v6.15.33,MIT,MPL_COPYLEFT,LICENSE,NO,,1,CONFIRMED_VIOLATION_UNRESOLVED_TAINT,Unresolved copyleft conflict with: pnz/json-exception (GPL-3.0),--- retailcrm-api-client-php-8fd01c7/LICENSE --- The MIT License (MIT) Copyright (c) 2015-2020 RetailDriver LLC
4126,spryker/rabbit-mq,2.25.0,proprietary,MPL_COPYLEFT,LICENSE,NO,,1,BENIGN_LGPL_DYNAMIC_WRAPPER,"Runtime Composer autoload of unmodified LGPL library (php-amqplib/php-amqplib (LGPL-2.1-or-later)). Valid under dynamic linking spirit, but lacks third-party notice.","--- spryker-rabbit-mq-e44c818/LICENSE --- SPRYKER - LICENSE AGREEMENT FOR EVALUATION OF AND EARLY ACCESS TO SOFTWARE SPRYKER SYSTEMS GMBH, REGISTERED WITH THE COMMERCIAL REGISTER OF THE LOWER COURT OF"
4210,advoor/nova-editor-js,v5.0.0,MIT,MPL_COPYLEFT,"field.js.LICENSE.txt, index.js.LICENSE.txt",NO,,1,BENIGN_LGPL_DYNAMIC_WRAPPER,"Runtime Composer autoload of unmodified LGPL library (ezyang/htmlpurifier (LGPL-2.1-or-later)). Valid under dynamic linking spirit, but lacks third-party notice.",--- advoor-nova-editor-js-3f5a5e7/dist/js/field.js.LICENSE.txt --- /*! * vuex v4.0.2
4236,log1x/acf-composer,v3.4.7,MIT,MPL_COPYLEFT,LICENSE.md,NO,,1,CONFIRMED_VIOLATION_UNRESOLVED_TAINT,Unresolved copyleft conflict with: stoutlogic/acf-builder (GPL-2.0+),--- Log1x-acf-composer-0bb270e/LICENSE.md --- MIT License Copyright (c) Brandon Nifong
4316,php-collective/code-sniffer,0.6.8,MIT,MPL_COPYLEFT,".license, LICENSE",NO,,2,CONFIRMED_VIOLATION_UNRESOLVED_TAINT,"Unresolved copyleft conflict with: phpcsstandards/phpcsextra (LGPL-3.0-or-later), phpcsstandards/phpcsutils (LGPL-3.0-or-later)",--- php-collective-code-sniffer-709dc26/.license --- /** * MIT License
4328,doctrineencryptbundle/doctrine-encrypt-bundle,7.0.3,MIT,MPL_COPYLEFT,LICENSE,NO,,2,CONFIRMED_VIOLATION_UNRESOLVED_TAINT,"Unresolved copyleft conflict with: paragonie/halite (MPL-2.0), paragonie/hidden-string (MPL-2.0)","--- DoctrineEncryptBundle-DoctrineEncryptBundle-dcb998b/LICENSE --- Permission is hereby granted, free of charge, to any person obtaining a copy of this software and associated documentation files (th"
4371,statamic/seo-pro,v7.13.3,Unspecified,NO_PHYSICAL_LICENSE_FILE,None,NO,,1,POTENTIAL_VIOLATION_NO_LICENSE,"Package lacks any physical LICENSE file in release archive, relying purely on composer.json string.",
4408,atgp/factur-x,v3.5.0,MIT,MPL_COPYLEFT,LICENSE,NO,,1,CONFIRMED_VIOLATION_UNRESOLVED_TAINT,Unresolved copyleft conflict with: smalot/pdfparser (LGPL-3.0),"--- atgp-factur-x-b448a57/LICENSE --- Copyright (c) 2018 @GP Permission is hereby granted, free of charge, to any person obtaining a copy"
4469,contao-components/simplemodal,3.1.2,MIT,NO_PHYSICAL_LICENSE_FILE,None,NO,,1,POTENTIAL_VIOLATION_NO_LICENSE,"Package lacks any physical LICENSE file in release archive, relying purely on composer.json string.",
4475,oneduo/nova-file-manager,v1.0.0,MIT,MPL_COPYLEFT,LICENSE.md,NO,,1,CONFIRMED_VIOLATION_UNRESOLVED_TAINT,"Unresolved copyleft conflict with: james-heinrich/getid3 (GPL-1.0-or-later, LGPL-3.0-only)",--- oneduo-nova-file-manager-4b24683/LICENSE.md --- # The MIT License (MIT) Copyright (c) Oneduo
4480,contao-components/ace,1.44.0,BSD-3-Clause,NO_PHYSICAL_LICENSE_FILE,None,NO,,1,POTENTIAL_VIOLATION_NO_LICENSE,"Package lacks any physical LICENSE file in release archive, relying purely on composer.json string.",
4533,contao-components/swiper,14.2.0,MIT,NO_PHYSICAL_LICENSE_FILE,None,NO,,1,POTENTIAL_VIOLATION_NO_LICENSE,"Package lacks any physical LICENSE file in release archive, relying purely on composer.json string.",
4538,sylius/mollie-plugin,v3.3.3,MIT,MPL_COPYLEFT,"LICENSE, LICENSE_OF_TRADEMARK_AND_LOGO, deprecation_notice.html.twig, voucher_notice.html.twig, create_notice.html.twig, sorting_notice.html.twig, deprecation_notice.html.twig",YES,,2,CONFIRMED_VIOLATION_UNRESOLVED_TAINT,"Unresolved copyleft conflict with: paragonie/halite (MPL-2.0), paragonie/hidden-string (MPL-2.0)","--- Sylius-MolliePlugin-5ffb17c/LICENSE --- Copyright (c) 2025-present Sylius Sp. z o.o. Permission is hereby granted, free of charge, to any person obtaining a copy"
4540,contao-components/datepicker,3.0.3,MIT,NO_PHYSICAL_LICENSE_FILE,None,NO,,1,POTENTIAL_VIOLATION_NO_LICENSE,"Package lacks any physical LICENSE file in release archive, relying purely on composer.json string.",
4546,himiklab/yii2-recaptcha-widget,2.1.1,MIT,MPL_COPYLEFT,LICENSE,NO,,1,BENIGN_LGPL_DYNAMIC_WRAPPER,"Runtime Composer autoload of unmodified LGPL library (ezyang/htmlpurifier (LGPL-2.1-or-later)). Valid under dynamic linking spirit, but lacks third-party notice.",--- himiklab-yii2-recaptcha-widget-341ae7e/LICENSE --- The MIT License (MIT) Copyright (c) 2014-2019 HimikLab
4569,rokka/imagine-vips,0.41.0,MIT,MPL_COPYLEFT,LICENSE,NO,,1,CONFIRMED_VIOLATION_UNRESOLVED_TAINT,Unresolved copyleft conflict with: phenx/php-font-lib (LGPL-2.1-or-later),--- rokka-io-imagine-vips-55ad2a6/LICENSE --- MIT License Copyright (c) 2017 rokka.io
4600,php-standard-library/psalm-plugin,2.4.0,MIT,MPL_COPYLEFT,LICENSE,NO,,1,CONFIRMED_VIOLATION_VIRAL_COPYLEFT,Permissive package imports viral copyleft dependency (netresearch/jsonmapper (OSL-3.0)) without copyleft distribution licensing.,--- php-standard-library-psalm-plugin-7c120dc/LICENSE --- The MIT License (MIT) Copyright (c) 2019-2020 Saif Eddin Gmati <azjezz@protonmail.com>
4649,verbb/auth,2.0.45,MIT,MPL_COPYLEFT,LICENSE.md,NO,,2,CONFIRMED_VIOLATION_VIRAL_COPYLEFT,Permissive package imports viral copyleft dependency (enshrined/svg-sanitize (GPL-2.0-or-later)) without copyleft distribution licensing.,--- verbb-auth-71be82b/LICENSE.md --- Copyright © Verbb Permission is hereby granted to any person obtaining a copy of this software
4652,contao-components/jquery,4.0.0,MIT,NO_PHYSICAL_LICENSE_FILE,None,NO,,1,POTENTIAL_VIOLATION_NO_LICENSE,"Package lacks any physical LICENSE file in release archive, relying purely on composer.json string.",
4656,fig-r/psr2r-sniffer,2.9.0,MIT,MPL_COPYLEFT,LICENSE,NO,,2,CONFIRMED_VIOLATION_UNRESOLVED_TAINT,"Unresolved copyleft conflict with: phpcsstandards/phpcsextra (LGPL-3.0-or-later), phpcsstandards/phpcsutils (LGPL-3.0-or-later)",--- php-fig-rectified-psr2r-sniffer-918da46/LICENSE --- The MIT License (MIT) Copyright (c) 2016-present Mark Scherer
4663,contao-components/dropzone,5.9.3,MIT,NO_PHYSICAL_LICENSE_FILE,None,NO,,1,POTENTIAL_VIOLATION_NO_LICENSE,"Package lacks any physical LICENSE file in release archive, relying purely on composer.json string.",
4664,contao-components/tablesorter,2.31.3.1,MIT,NO_PHYSICAL_LICENSE_FILE,None,NO,IN_CODE_GPL,1,POTENTIAL_VIOLATION_NO_LICENSE,"Package lacks any physical LICENSE file in release archive, relying purely on composer.json string.",
4668,contao-components/mootools,1.6.0.9,MIT,NO_PHYSICAL_LICENSE_FILE,None,NO,IN_CODE_LGPL,1,POTENTIAL_VIOLATION_NO_LICENSE,"Package lacks any physical LICENSE file in release archive, relying purely on composer.json string.",
4669,contao-components/swipe,2.2.2,MIT,NO_PHYSICAL_LICENSE_FILE,None,NO,,1,POTENTIAL_VIOLATION_NO_LICENSE,"Package lacks any physical LICENSE file in release archive, relying purely on composer.json string.",
4675,contao-components/mediabox,1.5.4.3,MIT,NO_PHYSICAL_LICENSE_FILE,None,NO,,1,POTENTIAL_VIOLATION_NO_LICENSE,"Package lacks any physical LICENSE file in release archive, relying purely on composer.json string.",
4678,contao-components/jquery-ui,1.13.2,MIT,NO_PHYSICAL_LICENSE_FILE,None,NO,,1,POTENTIAL_VIOLATION_NO_LICENSE,"Package lacks any physical LICENSE file in release archive, relying purely on composer.json string.",
4684,10up/phpcs-composer,3.0.1,MIT,MPL_COPYLEFT,LICENSE,NO,,2,CONFIRMED_VIOLATION_UNRESOLVED_TAINT,"Unresolved copyleft conflict with: phpcsstandards/phpcsextra (LGPL-3.0-or-later), phpcsstandards/phpcsutils (LGPL-3.0-or-later)","--- 10up-phpcs-composer-ed5f6d4/LICENSE --- MIT License Copyright (c) 2018 10up, LLC"
4773,seatsio/seatsio-php,v99.0.0,MIT,MPL_COPYLEFT,LICENSE,NO,,1,CONFIRMED_VIOLATION_VIRAL_COPYLEFT,Permissive package imports viral copyleft dependency (netresearch/jsonmapper (OSL-3.0)) without copyleft distribution licensing.,--- seatsio-seatsio-php-55108f2/LICENSE --- MIT License Copyright (c) 2017 seats.io
4852,justbetter/magento2-sentry,4.6.0,MIT,MPL_COPYLEFT,LICENSE,NO,,1,CONFIRMED_VIOLATION_UNRESOLVED_TAINT,Unresolved copyleft conflict with: justbetter/magento2-core (GPL-3.0-or-later),--- justbetter-magento2-sentry-eea2fed/LICENSE --- MIT License Copyright (c) 2018 JustBetter
4861,reload/jira-security-issue,v2.0.14,MIT,MPL_COPYLEFT,LICENSE,NO,,1,CONFIRMED_VIOLATION_VIRAL_COPYLEFT,Permissive package imports viral copyleft dependency (netresearch/jsonmapper (OSL-3.0)) without copyleft distribution licensing.,--- reload-jira-security-issue-a9afbb0/LICENSE --- MIT License Copyright (c) 2020 Reload A/S
4863,infocyph/phpforge,1.02,MIT,MPL_COPYLEFT,LICENSE,NO,,1,CONFIRMED_VIOLATION_VIRAL_COPYLEFT,Permissive package imports viral copyleft dependency (netresearch/jsonmapper (OSL-3.0)) without copyleft distribution licensing.,--- infocyph-PHPForge-810e377/LICENSE --- MIT License Copyright (c) 2026 Infocyph
4868,contao-components/tristen-tablesort,5.7.1,MIT,NO_PHYSICAL_LICENSE_FILE,None,NO,,1,POTENTIAL_VIOLATION_NO_LICENSE,"Package lacks any physical LICENSE file in release archive, relying purely on composer.json string.",
4891,alibabacloud/sdk,1.8.2344,Apache-2.0,MPL_COPYLEFT,"LICENSE.md, NOTICE.md",NO,,1,CONFIRMED_VIOLATION_UNRESOLVED_TAINT,Unresolved copyleft conflict with: clagiordano/weblibs-configmanager (LGPL-3.0-or-later),"--- aliyun-openapi-sdk-php-868cf07/LICENSE.md --- Copyright (c) 2009-present, Alibaba Cloud All rights reserved. Licensed under the Apache License, Version 2.0 (the ""License"");"
4917,awcodes/filament-curator,v5.3.2,MIT,MPL_COPYLEFT,LICENSE.md,NO,,1,CONFIRMED_VIOLATION_VIRAL_COPYLEFT,Permissive package imports viral copyleft dependency (enshrined/svg-sanitize (GPL-2.0-or-later)) without copyleft distribution licensing.,--- awcodes-filament-curator-73d3a95/LICENSE.md --- The MIT License (MIT) Copyright (c) awcodes <awcodes1@gmail.com>
4918,magefan/module-blog,2.13.1,Unspecified,CUSTOM_OR_OTHER,LICENSE.txt,NO,,1,CONFIRMED_VIOLATION_UNRESOLVED_TAINT,Unresolved copyleft conflict with: magefan/module-wysiwyg-advanced (OSL-3.0),--- magefan-module-blog-8103588/LICENSE.txt --- Please visit Magefan.com for license details (https://magefan.com/end-user-license-agreement)
4937,notamedia/yii2-sentry,1.7.0,MIT,MPL_COPYLEFT,LICENSE.md,NO,,1,BENIGN_LGPL_DYNAMIC_WRAPPER,"Runtime Composer autoload of unmodified LGPL library (ezyang/htmlpurifier (LGPL-2.1-or-later)). Valid under dynamic linking spirit, but lacks third-party notice.",--- notamedia-yii2-sentry-24c1be7/LICENSE.md --- The MIT License (MIT) Copyright © 2015 — 2019 Notamedia Ltd. (http://nota.media)
4957,jwage/phpamqplib-messenger,0.10.1,MIT,MPL_COPYLEFT,LICENSE,NO,,1,BENIGN_LGPL_DYNAMIC_WRAPPER,"Runtime Composer autoload of unmodified LGPL library (php-amqplib/php-amqplib (LGPL-2.1-or-later)). Valid under dynamic linking spirit, but lacks third-party notice.",--- jwage-phpamqplib-messenger-dbc2d7b/LICENSE --- MIT License Copyright (c) 2025 Jonathan H. Wage
5005,cebe/yii2-gravatar,1.1,MIT,MPL_COPYLEFT,LICENSE,NO,,1,BENIGN_LGPL_DYNAMIC_WRAPPER,"Runtime Composer autoload of unmodified LGPL library (ezyang/htmlpurifier (LGPL-2.1-or-later)). Valid under dynamic linking spirit, but lacks third-party notice.",--- cebe-yii2-gravatar-c9c01bd/LICENSE --- The MIT License (MIT) Copyright (c) 2013 Carsten Brandt
5010,dmstr/yii2-adminlte-asset,2.6.2,Unspecified,NO_PHYSICAL_LICENSE_FILE,None,NO,,1,POTENTIAL_VIOLATION_NO_LICENSE,"Package lacks any physical LICENSE file in release archive, relying purely on composer.json string.",
5077,bk2k/bootstrap-package,16.0.0,MIT,MPL_COPYLEFT,"LICENSE.md, LICENSE, Copyright.html, copyright-mark.svg",NO,,13,CONFIRMED_VIOLATION_VIRAL_COPYLEFT,"Permissive package imports viral copyleft dependency (typo3/cms-backend (GPL-2.0-or-later), typo3/cms-core (GPL-2.0-or-later), enshrined/svg-sanitize (GPL-2.0-or-later), typo3/cms-cli (GPL-2.0-or-later), typo3/cms-composer-installers (GPL-2.0-or-later), typo3fluid/fluid (LGPL-3.0-or-later), typo3/cms-extbase (GPL-2.0-or-later), typo3/cms-extensionmanager (GPL-2.0-or-later), typo3/cms-fluid (GPL-2.0-or-later), typo3/cms-frontend (GPL-2.0-or-later), typo3/cms-install (GPL-2.0-or-later), typo3/cms-rte-ckeditor (GPL-2.0-or-later), typo3/cms-seo (GPL-2.0-or-later)) without copyleft distribution licensing.","--- benjaminkott-bootstrap_package-96499c6/Contrib/scssphp/LICENSE.md --- Copyright (c) 2015 Leaf Corcoran, http://scssphp.github.io/scssphp Permission is hereby granted, free of charge, to any person"
5081,contao-components/handorgel,1.0.0.1,MIT,NO_PHYSICAL_LICENSE_FILE,None,NO,,1,POTENTIAL_VIOLATION_NO_LICENSE,"Package lacks any physical LICENSE file in release archive, relying purely on composer.json string.",
5085,sylius/invoicing-plugin,v2.2.0,MIT,MPL_COPYLEFT,"LICENSE, LICENSE_OF_TRADEMARK_AND_LOGO",YES,,2,CONFIRMED_VIOLATION_UNRESOLVED_TAINT,"Unresolved copyleft conflict with: paragonie/halite (MPL-2.0), paragonie/hidden-string (MPL-2.0)","--- Sylius-InvoicingPlugin-4edab41/LICENSE --- Copyright (c) 2018-present Sylius Sp. z o.o. Permission is hereby granted, free of charge, to any person obtaining a copy"
5086,unclead/yii2-multiple-input,2.30.0,BSD-3-Clause,MPL_COPYLEFT,LICENSE.md,NO,,1,BENIGN_LGPL_DYNAMIC_WRAPPER,"Runtime Composer autoload of unmodified LGPL library (ezyang/htmlpurifier (LGPL-2.1-or-later)). Valid under dynamic linking spirit, but lacks third-party notice.","--- unclead-yii2-multiple-input-21d0138/LICENSE.md --- Copyright (c) 2013, Eugene Tupikov All rights reserved."
5110,contao-components/choices,11.2.4,MIT,NO_PHYSICAL_LICENSE_FILE,None,NO,,1,POTENTIAL_VIOLATION_NO_LICENSE,"Package lacks any physical LICENSE file in release archive, relying purely on composer.json string.",
5138,hyperf/amqp,v3.2.0,MIT,MPL_COPYLEFT,LICENSE,NO,,1,BENIGN_LGPL_DYNAMIC_WRAPPER,"Runtime Composer autoload of unmodified LGPL library (php-amqplib/php-amqplib (LGPL-2.1-or-later)). Valid under dynamic linking spirit, but lacks third-party notice.",--- hyperf-amqp-b120105/LICENSE --- The MIT License (MIT) Copyright (c) Hyperf
5200,amazeeio/drupal_integrations,0.5.0,MIT,NO_PHYSICAL_LICENSE_FILE,None,NO,,1,POTENTIAL_VIOLATION_NO_LICENSE,"Package lacks any physical LICENSE file in release archive, relying purely on composer.json string.",
5207,yiisoft/yii2-elasticsearch,2.1.5,BSD-3-Clause,MPL_COPYLEFT,LICENSE.md,NO,,1,BENIGN_LGPL_DYNAMIC_WRAPPER,"Runtime Composer autoload of unmodified LGPL library (ezyang/htmlpurifier (LGPL-2.1-or-later)). Valid under dynamic linking spirit, but lacks third-party notice.",--- yiisoft-yii2-elasticsearch-466b881/LICENSE.md --- Copyright © 2008 by Yii Software LLC (http://www.yiisoft.com) All rights reserved.
5251,sulu/sulu,3.0.9,MIT,MPL_COPYLEFT,LICENSE,NO,,2,CONFIRMED_VIOLATION_UNRESOLVED_TAINT,"Unresolved copyleft conflict with: contao/imagine-svg (LGPL-3.0-or-later), matomo/device-detector (LGPL-3.0-or-later)",--- sulu-sulu-6e1e332/LICENSE --- MIT License Copyright (c) 2020 Sulu GmbH
5252,yii2-extensions/phpstan,0.4.1,BSD-3-Clause,MPL_COPYLEFT,LICENSE,NO,,1,BENIGN_LGPL_DYNAMIC_WRAPPER,"Runtime Composer autoload of unmodified LGPL library (ezyang/htmlpurifier (LGPL-2.1-or-later)). Valid under dynamic linking spirit, but lacks third-party notice.",--- yii2-extensions-phpstan-73d24f7/LICENSE --- SPDX-License-Identifier: BSD-3-Clause BSD 3-Clause License
5352,spryker/opentelemetry,1.21.0,proprietary,MPL_COPYLEFT,LICENSE,NO,,1,BENIGN_LGPL_DYNAMIC_WRAPPER,"Runtime Composer autoload of unmodified LGPL library (php-amqplib/php-amqplib (LGPL-2.1-or-later)). Valid under dynamic linking spirit, but lacks third-party notice.","--- spryker-opentelemetry-eb5aa81/LICENSE --- SPRYKER SYSTEMS GMBH EVALUATION LICENSE AGREEMENT SPRYKER SYSTEMS GMBH, REGISTERED WITH THE COMMERCIAL REGISTER OF THE LOWER COURT OF HAMBURG UNDER HRB 13"
5361,miloschuman/yii2-highcharts-widget,v11.0,MIT,MPL_COPYLEFT,LICENSE,NO,,1,BENIGN_LGPL_DYNAMIC_WRAPPER,"Runtime Composer autoload of unmodified LGPL library (ezyang/htmlpurifier (LGPL-2.1-or-later)). Valid under dynamic linking spirit, but lacks third-party notice.",--- miloschuman-yii2-highcharts-2ef01ff/LICENSE --- MIT License Copyright (c) 2021 Milo Schuman
5402,loupe/loupe,1.0.3,MIT,MPL_COPYLEFT,LICENSE,NO,,1,CONFIRMED_VIOLATION_UNRESOLVED_TAINT,Unresolved copyleft conflict with: joomla/string (GPL-2.0-or-later),--- loupe-php-loupe-f9004d3/LICENSE --- MIT License Copyright (c) 2023 loupe
5428,roave/infection-static-analysis-plugin,1.44.0,MIT,MPL_COPYLEFT,LICENSE,NO,,1,CONFIRMED_VIOLATION_VIRAL_COPYLEFT,Permissive package imports viral copyleft dependency (netresearch/jsonmapper (OSL-3.0)) without copyleft distribution licensing.,"--- Roave-infection-static-analysis-plugin-8fec5a1/LICENSE --- Copyright (c) 2020 Roave, LLC. Permission is hereby granted, free of charge, to any person obtaining a copy of"
5490,2amigos/yii2-ckeditor-widget,2.2.0,BSD-3-Clause,MPL_COPYLEFT,LICENSE.md,NO,,2,CONFIRMED_VIOLATION_UNRESOLVED_TAINT,Unresolved copyleft conflict with: ckeditor/ckeditor (GPL-2.0+),"--- 2amigos-yii2-ckeditor-widget-77812ca/LICENSE.md --- # The BSD License (BSD) Copyright (c) 2013-2015, 2amigOS! Consulting Group LLC."
5537,cloudconvert/cloudconvert-laravel,1.1.6,MIT,MPL_COPYLEFT,LICENSE,NO,,1,CONFIRMED_VIOLATION_VIRAL_COPYLEFT,Permissive package imports viral copyleft dependency (netresearch/jsonmapper (OSL-3.0)) without copyleft distribution licensing.,--- cloudconvert-cloudconvert-laravel-8a38ce5/LICENSE --- MIT License Copyright (c) 2018 Josias Montag
5549,mdmsoft/yii2-admin,3.2,BSD-3-Clause,NO_PHYSICAL_LICENSE_FILE,None,NO,,1,POTENTIAL_VIOLATION_NO_LICENSE,"Package lacks any physical LICENSE file in release archive, relying purely on composer.json string.",
5556,getkirby/cms,5.5.3,Unspecified,GPL_COPYLEFT,"LICENSE.md, COPYING, LICENSE, LICENSE, LICENSE.md, LICENSE, LICENSE, LICENSE.md, COPYRIGHT.md, LICENSE.md, LICENSE, License.md, LICENSE, LICENSE, LICENSE, LICENSE, LICENSE, LICENSE, LICENSE, LICENSE",YES,,1,CONFIRMED_VIOLATION_UNRESOLVED_TAINT,Unresolved copyleft conflict with: phpmailer/phpmailer (LGPL-2.1-only),"--- getkirby-kirby-46daf74/LICENSE.md --- # Kirby License Agreement Published: July 2, 2026"
5575,creocoder/yii2-flysystem,1.2.0,Unspecified,MPL_COPYLEFT,LICENSE.md,NO,,1,BENIGN_LGPL_DYNAMIC_WRAPPER,"Runtime Composer autoload of unmodified LGPL library (ezyang/htmlpurifier (LGPL-2.1-or-later)). Valid under dynamic linking spirit, but lacks third-party notice.",--- creocoder-yii2-flysystem-12b0c0c/LICENSE.md --- The flysystem extension for the Yii framework is free software. It is released under the terms of the following BSD License.
5576,pear/pear,v1.10.18,BSD-2-Clause,MPL_COPYLEFT,LICENSE,NO,,1,CONFIRMED_VIOLATION_UNRESOLVED_TAINT,Unresolved copyleft conflict with: pear/structures_graph (LGPL-3.0-or-later),"--- pear-pear-core-9076191/LICENSE --- Copyright (c) 1997-2009, Stig Bakken <ssb@php.net>,"
5637,yiisoft/yii2-mongodb,3.0.4,BSD-3-Clause,MPL_COPYLEFT,LICENSE.md,NO,,1,BENIGN_LGPL_DYNAMIC_WRAPPER,"Runtime Composer autoload of unmodified LGPL library (ezyang/htmlpurifier (LGPL-2.1-or-later)). Valid under dynamic linking spirit, but lacks third-party notice.",--- yiisoft-yii2-mongodb-5cf7e03/LICENSE.md --- Copyright © 2008-2013 by Yii Software LLC (http://www.yiisoft.com) All rights reserved.
5642,wyrihaximus/css-compress,2.3.0,MIT,MPL_COPYLEFT,LICENSE,NO,,1,CONFIRMED_VIOLATION_UNRESOLVED_TAINT,Unresolved copyleft conflict with: websharks/css-minifier (GPL-3.0+),--- WyriHaximus-php-css-compress-94511b6/LICENSE --- The MIT License (MIT) Copyright (c) 2019 Cees-Jan Kiewiet
5655,yiisoft/yii2-twig,2.5.1,BSD-3-Clause,MPL_COPYLEFT,LICENSE.md,NO,,1,BENIGN_LGPL_DYNAMIC_WRAPPER,"Runtime Composer autoload of unmodified LGPL library (ezyang/htmlpurifier (LGPL-2.1-or-later)). Valid under dynamic linking spirit, but lacks third-party notice.",--- yiisoft-yii2-twig-dbc0fb3/LICENSE.md --- Copyright © 2008 by Yii Software LLC (http://www.yiisoft.com) All rights reserved.
5721,codemix/yii2-localeurls,1.8.1,MIT,NO_PHYSICAL_LICENSE_FILE,None,NO,,1,POTENTIAL_VIOLATION_NO_LICENSE,"Package lacks any physical LICENSE file in release archive, relying purely on composer.json string.",
5773,tornevall/tornelib-php-database,6.1.2,Apache-2.0,NO_PHYSICAL_LICENSE_FILE,None,NO,,1,CONFIRMED_VIOLATION_VIRAL_COPYLEFT,Permissive package imports viral copyleft dependency (netresearch/jsonmapper (OSL-3.0)) without copyleft distribution licensing.,
5830,craftcms/html-field,3.6.0,MIT,MPL_COPYLEFT,LICENSE.md,NO,,2,CONFIRMED_VIOLATION_VIRAL_COPYLEFT,Permissive package imports viral copyleft dependency (enshrined/svg-sanitize (GPL-2.0-or-later)) without copyleft distribution licensing.,"--- craftcms-html-field-8639205/LICENSE.md --- The MIT License (MIT) Copyright (c) Pixel & Tonic, Inc."
5862,qipsius/tcpdf-bundle,4.0.0,MIT,MPL_COPYLEFT,LICENSE,NO,,14,CONFIRMED_VIOLATION_UNRESOLVED_TAINT,"Unresolved copyleft conflict with: tecnickcom/tcpdf (LGPL-3.0-or-later), tecnickcom/tc-lib-pdf (LGPL-3.0-or-later), tecnickcom/tc-lib-barcode (LGPL-3.0-or-later), tecnickcom/tc-lib-color (LGPL-3.0-or-later), tecnickcom/tc-lib-pdf-image (LGPL-3.0-or-later), tecnickcom/tc-lib-pdf-font (LGPL-3.0-or-later), tecnickcom/tc-lib-file (LGPL-3.0-or-later), tecnickcom/tc-lib-pdf-encrypt (LGPL-3.0-or-later), tecnickcom/tc-lib-pdf-sign (LGPL-3.0-or-later), tecnickcom/tc-lib-unicode-data (LGPL-3.0-or-later), tecnickcom/tc-lib-unicode (LGPL-3.0-or-later), tecnickcom/tc-lib-pdf-page (LGPL-3.0-or-later), tecnickcom/tc-lib-pdf-graph (LGPL-3.0-or-later), tecnickcom/tc-lib-pdf-parser (LGPL-3.0-or-later)","--- Qipsius-QipsiusTCPDFBundle-1cfc6ae/src/Resources/meta/LICENSE --- Copyright (c) 2012 White October Ltd Permission is hereby granted, free of charge, to any person obtaining a copy"
5995,spryker-feature/spryker-core,202608.0,proprietary,MPL_COPYLEFT,LICENSE,NO,,1,BENIGN_LGPL_DYNAMIC_WRAPPER,"Runtime Composer autoload of unmodified LGPL library (php-amqplib/php-amqplib (LGPL-2.1-or-later)). Valid under dynamic linking spirit, but lacks third-party notice.","--- spryker-feature-spryker-core-07c9450/LICENSE --- SPRYKER SYSTEMS GMBH EVALUATION LICENSE AGREEMENT SPRYKER SYSTEMS GMBH, REGISTERED WITH THE COMMERCIAL REGISTER OF THE LOWER COURT OF HAMBURG UNDER"
5997,codewithkyrian/transformers,0.6.2,Apache-2.0,LGPL_COPYLEFT,"LICENSE, THIRD_PARTY_NOTICES.md, THIRD_PARTY_NOTICES.md, THIRD_PARTY_NOTICES.md, THIRD_PARTY_NOTICES.md, THIRD_PARTY_NOTICES.md",YES,,1,CONFIRMED_VIOLATION_UNRESOLVED_TAINT,Unresolved copyleft conflict with: phenx/php-font-lib (LGPL-2.1-or-later),"--- CodeWithKyrian-transformers-php-8b7f37c/LICENSE --- Apache License Version 2.0, January 2004"
6129,neos/kickstarter,9.1.2,Unspecified,MPL_COPYLEFT,LICENSE,NO,,1,CONFIRMED_VIOLATION_UNRESOLVED_TAINT,Unresolved copyleft conflict with: typo3fluid/fluid (LGPL-3.0-or-later),--- neos-kickstart-69c7165/LICENSE --- The MIT License (MIT) Copyright (c) 2015 Neos project contributors
6190,drupal/config_sync_without_site_uuid,1.0.0-beta2,Unspecified,NO_PHYSICAL_LICENSE_FILE,None,NO,,2,POTENTIAL_VIOLATION_NO_LICENSE,"Package lacks any physical LICENSE file in release archive, relying purely on composer.json string.",
6214,yii2tech/csv-grid,1.0.5,BSD-3-Clause,MPL_COPYLEFT,LICENSE.md,NO,,1,BENIGN_LGPL_DYNAMIC_WRAPPER,"Runtime Composer autoload of unmodified LGPL library (ezyang/htmlpurifier (LGPL-2.1-or-later)). Valid under dynamic linking spirit, but lacks third-party notice.",--- yii2tech-csv-grid-6d10b2b/LICENSE.md --- The Yii framework is free software. It is released under the terms of the following BSD License.
6220,contao-components/altcha,3.2.2,MIT,NO_PHYSICAL_LICENSE_FILE,None,NO,,1,POTENTIAL_VIOLATION_NO_LICENSE,"Package lacks any physical LICENSE file in release archive, relying purely on composer.json string.",
6246,yii2tech/ar-softdelete,1.0.4,BSD-3-Clause,MPL_COPYLEFT,LICENSE.md,NO,,1,BENIGN_LGPL_DYNAMIC_WRAPPER,"Runtime Composer autoload of unmodified LGPL library (ezyang/htmlpurifier (LGPL-2.1-or-later)). Valid under dynamic linking spirit, but lacks third-party notice.",--- yii2tech-ar-softdelete-498ed03/LICENSE.md --- The Yii framework is free software. It is released under the terms of the following BSD License.
6255,netlogix/webapi,3.0.1,MIT,MPL_COPYLEFT,LICENSE,NO,,1,CONFIRMED_VIOLATION_UNRESOLVED_TAINT,Unresolved copyleft conflict with: typo3fluid/fluid (LGPL-3.0-or-later),--- netlogix-Netlogix.WebApi-25c617a/LICENSE --- The MIT License (MIT) Copyright (c) 2021 netlogix GmbH & Co. KG
6261,oxid-esales/oxideshop-ce,v7.5.1,Unspecified,MPL_COPYLEFT,"LICENSE, COPYING",YES,,1,CONFIRMED_VIOLATION_UNRESOLVED_TAINT,Unresolved copyleft conflict with: phpmailer/phpmailer (LGPL-2.1-only),--- OXID-eSales-oxideshop_ce-a1f5274/LICENSE --- OXID eShop Community Edition Lizenz 2022 1.	Präambel
6270,t3n/jobqueue-rabbitmq,2.3.1,MIT,NO_PHYSICAL_LICENSE_FILE,None,NO,,1,POTENTIAL_VIOLATION_NO_LICENSE,"Package lacks any physical LICENSE file in release archive, relying purely on composer.json string.",
6289,netlogix/jobqueue-fast-rabbit,2.0.1,MIT,NO_PHYSICAL_LICENSE_FILE,None,NO,,1,POTENTIAL_VIOLATION_NO_LICENSE,"Package lacks any physical LICENSE file in release archive, relying purely on composer.json string.",
6343,magefan/module-blog-comments-recaptcha,2.1.8,Unspecified,NO_PHYSICAL_LICENSE_FILE,None,NO,,1,POTENTIAL_VIOLATION_NO_LICENSE,"Package lacks any physical LICENSE file in release archive, relying purely on composer.json string.",
6431,anilcancakir/laravel-agent-mcp,v1.0.0,MIT,MPL_COPYLEFT,LICENSE,NO,,1,CONFIRMED_VIOLATION_UNRESOLVED_TAINT,Unresolved copyleft conflict with: phpmyadmin/sql-parser (GPL-2.0-or-later),--- anilcancakir-laravel-agent-mcp-db50225/LICENSE --- MIT License Copyright (c) 2026 Anilcan Cakir
6524,2amigos/yii2-gallery-widget,1.1.0,BSD-3-Clause,MPL_COPYLEFT,LICENSE.md,NO,,1,BENIGN_LGPL_DYNAMIC_WRAPPER,"Runtime Composer autoload of unmodified LGPL library (ezyang/htmlpurifier (LGPL-2.1-or-later)). Valid under dynamic linking spirit, but lacks third-party notice.","--- 2amigos-yii2-gallery-widget-0ce7de2/LICENSE.md --- # The BSD License (BSD) Copyright (c) 2013-2015, 2amigOS! Consulting Group LLC."
6574,omnilight/yii2-scheduling,1.1.6,Unspecified,MPL_COPYLEFT,LICENSE,NO,,1,BENIGN_LGPL_DYNAMIC_WRAPPER,"Runtime Composer autoload of unmodified LGPL library (ezyang/htmlpurifier (LGPL-2.1-or-later)). Valid under dynamic linking spirit, but lacks third-party notice.",--- omnilight-yii2-scheduling-e69b281/LICENSE --- MIT License Copyright (c) 2015 Pavel Agalecky <pavel.agalecky@gmail.com>
6600,nystudio107/craft-plugin-vite,5.0.3,MIT,MPL_COPYLEFT,LICENSE.md,NO,,2,CONFIRMED_VIOLATION_VIRAL_COPYLEFT,Permissive package imports viral copyleft dependency (enshrined/svg-sanitize (GPL-2.0-or-later)) without copyleft distribution licensing.,--- nystudio107-craft-plugin-vite-be94af8/LICENSE.md --- The MIT License (MIT) Copyright (c) nystudio107
6752,october/rain,v4.3.8,Unspecified,MPL_COPYLEFT,LICENSE.md,YES,,1,CONFIRMED_VIOLATION_VIRAL_COPYLEFT,Permissive package imports viral copyleft dependency (enshrined/svg-sanitize (GPL-2.0-or-later)) without copyleft distribution licensing.,"--- octobercms-library-30f072a/LICENSE.md --- Copyright (c) 2013-2022 Responsiv Pty Ltd This End User License Agreement (“EULA”) constitutes a binding agreement between you (the “Licensee”, “you” or “"
6758,neos/media,9.1.8,Unspecified,GPL_COPYLEFT,"LICENSE, license.txt",YES,,1,CONFIRMED_VIOLATION_UNRESOLVED_TAINT,Unresolved copyleft conflict with: typo3fluid/fluid (LGPL-3.0-or-later),"--- neos-media-1268d0a/LICENSE --- GNU GENERAL PUBLIC LICENSE Version 3, 29 June 2007"
6759,lunarphp/lunar,1.5.0,Unspecified,NO_PHYSICAL_LICENSE_FILE,None,NO,,3,POTENTIAL_VIOLATION_NO_LICENSE,"Package lacks any physical LICENSE file in release archive, relying purely on composer.json string.",
6770,2amigos/yii2-chartjs-widget,3.0.1,BSD-3-Clause,MPL_COPYLEFT,LICENSE.md,NO,,1,BENIGN_LGPL_DYNAMIC_WRAPPER,"Runtime Composer autoload of unmodified LGPL library (ezyang/htmlpurifier (LGPL-2.1-or-later)). Valid under dynamic linking spirit, but lacks third-party notice.","--- 2amigos-yii2-chartjs-widget-639745d/LICENSE.md --- # The BSD License (BSD) Copyright (c) 2013-2015, 2amigOS! Consulting Group LLC."
6859,flux-se/sylius-stripe-plugin,v2.0.2,MIT,MPL_COPYLEFT,"LICENSE, LICENSE_OF_TRADEMARK_AND_LOGO",YES,,1,CONFIRMED_VIOLATION_UNRESOLVED_TAINT,Unresolved copyleft conflict with: paragonie/halite (MPL-2.0),"--- Sylius-StripePlugin-531884e/LICENSE --- MIT License Copyright 2024 Harman Professional, Inc."
6865,cmsig/seal-loupe-adapter,0.12.17,MIT,MPL_COPYLEFT,LICENSE,NO,,1,CONFIRMED_VIOLATION_UNRESOLVED_TAINT,Unresolved copyleft conflict with: joomla/string (GPL-2.0-or-later),--- PHP-CMSIG-seal-loupe-adapter-27b0168/LICENSE --- MIT License Copyright (c) 2023 Alexander Schranz
6875,rackspace/php-opencloud,v1.16.0,Apache-2.0,MPL_COPYLEFT,LICENSE,NO,,1,CONFIRMED_VIOLATION_UNRESOLVED_TAINT,Unresolved copyleft conflict with: mikemccabe/json-patch-php (LGPL-3.0),"--- rackspace-php-opencloud-d6b71fe/LICENSE --- Copyright 2012-2013 Rackspace US, Inc. Licensed under the Apache License, Version 2.0 (the ""License"");"
6885,asana/asana,v1.0.6,MIT,MPL_COPYLEFT,LICENSE,NO,,1,CONFIRMED_VIOLATION_UNRESOLVED_TAINT,Unresolved copyleft conflict with: adoy/oauth2 (LGPL-2.1),--- Asana-php-asana-0ef547b/LICENSE --- The MIT License (MIT) Copyright (c) 2015 Asana
6907,php-soap/psr18-wsse-middleware,3.0.0,Unspecified,MPL_COPYLEFT,LICENSE,NO,,1,CONFIRMED_VIOLATION_UNRESOLVED_TAINT,Unresolved copyleft conflict with: paragonie/hidden-string (MPL-2.0),--- php-soap-psr18-wsse-middleware-ef19b69/LICENSE --- The MIT License (MIT) Copyright (c) 2021-MAX_INT php-soap
6924,dq5studios/psalm-junit,v4.1.0,BSD-3-Clause,MPL_COPYLEFT,LICENSE,NO,,1,CONFIRMED_VIOLATION_VIRAL_COPYLEFT,Permissive package imports viral copyleft dependency (netresearch/jsonmapper (OSL-3.0)) without copyleft distribution licensing.,"--- dq5studios-psalm-junit-38d603e/LICENSE --- BSD 3-Clause License Copyright (c) 2019, dq5studios"
7028,wyrihaximus/html-compress,4.4.0,MIT,MPL_COPYLEFT,LICENSE,NO,,1,CONFIRMED_VIOLATION_UNRESOLVED_TAINT,Unresolved copyleft conflict with: websharks/css-minifier (GPL-3.0+),--- WyriHaximus-HtmlCompress-48e38bd/LICENSE --- The MIT License (MIT) Copyright (c) 2019 Cees-Jan Kiewiet
7064,mollie/laravel-cashier-mollie,v2.21.1,MIT,MPL_COPYLEFT,LICENSE.md,NO,,3,CONFIRMED_VIOLATION_UNRESOLVED_TAINT,Unresolved copyleft conflict with: dompdf/php-svg-lib (LGPL-3.0-or-later),--- mollie-laravel-cashier-mollie-c10df78/LICENSE.md --- The MIT License (MIT) Copyright (c) Mollie B.V.
7077,ibexa/headless,v5.0.10,proprietary,OSL_COPYLEFT,"COPYRIGHT, LICENSE, LICENSE-bul",YES,,24,CONFIRMED_VIOLATION_UNRESOLVED_TAINT,"Unresolved copyleft conflict with: ibexa/oss ((GPL-2.0-only or proprietary)), ibexa/doctrine-schema ((GPL-2.0-only or proprietary)), ibexa/system-info ((GPL-2.0-only or proprietary)), ibexa/admin-ui ((GPL-2.0-only or proprietary)), ibexa/core ((GPL-2.0-only or proprietary)), ibexa/twig-components ((GPL-2.0-only or proprietary)), ibexa/content-forms ((GPL-2.0-only or proprietary)), ibexa/design-engine ((GPL-2.0-only or proprietary)), ibexa/rest ((GPL-2.0-only or proprietary)), ibexa/search ((GPL-2.0-only or proprietary)), ibexa/user ((GPL-2.0-only or proprietary)), ibexa/core-persistence ((GPL-2.0-only or proprietary)), ibexa/core-search ((GPL-2.0-only or proprietary)), ibexa/cron ((GPL-2.0-only or proprietary)), ibexa/fieldtype-matrix ((GPL-2.0-only or proprietary)), ibexa/graphql ((GPL-2.0-only or proprietary)), ibexa/fieldtype-query ((GPL-2.0-only or proprietary)), ibexa/fieldtype-richtext (GPL-2.0-only), ibexa/http-cache ((GPL-2.0-only or proprietary)), ibexa/i18n ((GPL-2.0-only or proprietary)), ibexa/notifications ((GPL-2.0-only or proprietary)), ibexa/post-install ((GPL-2.0-only or proprietary)), ibexa/solr ((GPL-2.0-only or proprietary)), ibexa/standard-design ((GPL-2.0-only or proprietary))",--- ibexa-headless-f4482c3/COPYRIGHT --- Copyright (C) 1999-2025 Ibexa AS (formerly eZ Systems AS). All rights reserved. This source code is available separately under the following licenses:
7080,simple-bus/rabbitmq-bundle-bridge,v6.3.1,MIT,MPL_COPYLEFT,LICENSE,NO,,1,BENIGN_LGPL_DYNAMIC_WRAPPER,"Runtime Composer autoload of unmodified LGPL library (php-amqplib/php-amqplib (LGPL-2.1-or-later)). Valid under dynamic linking spirit, but lacks third-party notice.","--- SimpleBus-rabbitmq-bundle-bridge-e398f97/LICENSE --- MIT License Copyright (c) 2015-2018 Matthias Noback, Cliff Odijk, Ruud Kamphuis"
7087,light/yii2-swagger,3.0.7,MIT,MPL_COPYLEFT,LICENSE,NO,,1,BENIGN_LGPL_DYNAMIC_WRAPPER,"Runtime Composer autoload of unmodified LGPL library (ezyang/htmlpurifier (LGPL-2.1-or-later)). Valid under dynamic linking spirit, but lacks third-party notice.",--- lichunqiang-yii2-swagger-fee322e/LICENSE --- MIT License Copyright (c) 2016 lichunqiang
7101,bandwidth/sdk,v13.0.0,MIT,MPL_COPYLEFT,LICENSE,NO,,1,CONFIRMED_VIOLATION_VIRAL_COPYLEFT,Permissive package imports viral copyleft dependency (apimatic/jsonmapper (OSL-3.0)) without copyleft distribution licensing.,--- Bandwidth-php-sdk-7405847/LICENSE --- License: ========
7104,lullabot/twig-cs-fixer-drupal,v2.3.1,MIT,NO_PHYSICAL_LICENSE_FILE,None,NO,,3,POTENTIAL_VIOLATION_NO_LICENSE,"Package lacks any physical LICENSE file in release archive, relying purely on composer.json string.",
7118,bizley/jwt,4.1.2,Apache-2.0,MPL_COPYLEFT,LICENSE,YES,,1,COMPLIANT_LGPL_WRAPPER_WITH_NOTICES,Permissive wrapper around LGPL library (ezyang/htmlpurifier (LGPL-2.1-or-later)) with third-party notice/disclaimer.,"--- bizley-yii2-jwt-94e28a7/LICENSE --- Apache License Version 2.0, January 2004"
7164,yoast/yoastcs,3.4.3,MIT,MPL_COPYLEFT,LICENSE,NO,,2,CONFIRMED_VIOLATION_UNRESOLVED_TAINT,"Unresolved copyleft conflict with: phpcsstandards/phpcsextra (LGPL-3.0-or-later), phpcsstandards/phpcsutils (LGPL-3.0-or-later)",--- Yoast-yoastcs-52a7f24/LICENSE --- The MIT License (MIT) Copyright (c) 2015 Yoast
7223,codeception/module-amqp,3.0.1,MIT,MPL_COPYLEFT,LICENSE,NO,,1,BENIGN_LGPL_DYNAMIC_WRAPPER,"Runtime Composer autoload of unmodified LGPL library (php-amqplib/php-amqplib (LGPL-2.1-or-later)). Valid under dynamic linking spirit, but lacks third-party notice.",--- Codeception-module-amqp-0f0570d/LICENSE --- The MIT License (MIT) Copyright (c) 2011 Michael Bodnarchuk and contributors
7224,ibexa/messenger,v5.0.10,proprietary,GPL_COPYLEFT,"COPYRIGHT, LICENSE, LICENSE-bul",YES,,3,CONFIRMED_VIOLATION_UNRESOLVED_TAINT,"Unresolved copyleft conflict with: ibexa/core ((GPL-2.0-only or proprietary)), ibexa/doctrine-schema ((GPL-2.0-only or proprietary)), ibexa/core-persistence ((GPL-2.0-only or proprietary))",--- ibexa-messenger-dda4862/COPYRIGHT --- Copyright (C) 1999-2025 Ibexa AS (formerly eZ Systems AS). All rights reserved. This source code is available separately under the following licenses:
7248,kartik-v/yii2-icons,v1.4.8,BSD-3-Clause,MPL_COPYLEFT,"LICENSE.md, LICENSE.txt",NO,,1,BENIGN_LGPL_DYNAMIC_WRAPPER,"Runtime Composer autoload of unmodified LGPL library (ezyang/htmlpurifier (LGPL-2.1-or-later)). Valid under dynamic linking spirit, but lacks third-party notice.","--- kartik-v-yii2-icons-81334b3/LICENSE.md --- Copyright (c) 2014 - 2022, Kartik Visweswaran Krajee.com"
7259,stefandoorn/sitemap-plugin,v3.0.0,MIT,MPL_COPYLEFT,LICENSE,NO,,2,CONFIRMED_VIOLATION_UNRESOLVED_TAINT,"Unresolved copyleft conflict with: paragonie/halite (MPL-2.0), paragonie/hidden-string (MPL-2.0)",--- stefandoorn-sitemap-plugin-d4a1867/LICENSE --- MIT License Copyright (c) 2018 Stefan Doorn
7265,2amigos/yii2-file-upload-widget,1.0.9,BSD-3-Clause,MPL_COPYLEFT,LICENSE.md,NO,,1,BENIGN_LGPL_DYNAMIC_WRAPPER,"Runtime Composer autoload of unmodified LGPL library (ezyang/htmlpurifier (LGPL-2.1-or-later)). Valid under dynamic linking spirit, but lacks third-party notice.","--- 2amigos-yii2-file-upload-widget-2da8054/LICENSE.md --- # The BSD License (BSD) Copyright (c) 2013-2015, 2amigOS! Consulting Group LLC."
7281,2amigos/yii2-tinymce-widget,1.1.3,BSD-3-Clause,MPL_COPYLEFT,LICENSE.md,NO,,1,BENIGN_LGPL_DYNAMIC_WRAPPER,"Runtime Composer autoload of unmodified LGPL library (ezyang/htmlpurifier (LGPL-2.1-or-later)). Valid under dynamic linking spirit, but lacks third-party notice.","--- 2amigos-yii2-tinymce-widget-a58b7a5/LICENSE.md --- # The BSD License (BSD) Copyright (c) 2013-2015, 2amigOS! Consulting Group LLC."
7289,dektrium/yii2-user,0.9.14,MIT,MPL_COPYLEFT,LICENSE.md,NO,,1,BENIGN_LGPL_DYNAMIC_WRAPPER,"Runtime Composer autoload of unmodified LGPL library (ezyang/htmlpurifier (LGPL-2.1-or-later)). Valid under dynamic linking spirit, but lacks third-party notice.","--- dektrium-yii2-user-8f2daea/LICENSE.md --- Copyright (c) 2013-2016 Dektrium project Permission is hereby granted, free of charge, to any person obtaining a copy of this software and associated docu"
7316,yii2mod/yii2-enum,1.7.1,MIT,MPL_COPYLEFT,LICENSE.md,NO,,1,BENIGN_LGPL_DYNAMIC_WRAPPER,"Runtime Composer autoload of unmodified LGPL library (ezyang/htmlpurifier (LGPL-2.1-or-later)). Valid under dynamic linking spirit, but lacks third-party notice.","--- yii2mod-yii2-enum-7af030e/LICENSE.md --- Copyright (c) 2015 yii2mod Permission is hereby granted, free of charge, to any person obtaining a copy of this software and associated documentation files"
7337,netresearch/typo3-ci-workflows,v1.11.1,MIT,NO_PHYSICAL_LICENSE_FILE,None,NO,SPDX:AGPL-3.0-or-later; IN_CODE_GPL,11,CONFIRMED_VIOLATION_VIRAL_COPYLEFT,"Permissive package imports viral copyleft dependency (typo3/cms-core (GPL-2.0-or-later), enshrined/svg-sanitize (GPL-2.0-or-later), typo3/cms-cli (GPL-2.0-or-later), typo3/cms-composer-installers (GPL-2.0-or-later), typo3fluid/fluid (LGPL-3.0-or-later), typo3/cms-extbase (GPL-2.0-or-later), bnf/phpstan-psr-container (GPL-2.0-or-later), typo3/testing-framework (GPL-2.0-or-later), typo3/cms-backend (GPL-2.0-or-later), typo3/cms-fluid (GPL-2.0-or-later), typo3/cms-frontend (GPL-2.0-or-later)) without copyleft distribution licensing.",
7350,borales/yii2-phone-input,0.3.0,BSD-3-Clause,MPL_COPYLEFT,LICENSE.md,NO,,1,BENIGN_LGPL_DYNAMIC_WRAPPER,"Runtime Composer autoload of unmodified LGPL library (ezyang/htmlpurifier (LGPL-2.1-or-later)). Valid under dynamic linking spirit, but lacks third-party notice.","--- Borales-yii2-phone-input-563bfab/LICENSE.md --- The ""borales/yii2-phone-input"" is free software. It is released under the terms of the following BSD License."
7375,vova07/yii2-imperavi-widget,2.0.11,BSD-3-Clause,MPL_COPYLEFT,LICENSE.md,NO,,1,BENIGN_LGPL_DYNAMIC_WRAPPER,"Runtime Composer autoload of unmodified LGPL library (ezyang/htmlpurifier (LGPL-2.1-or-later)). Valid under dynamic linking spirit, but lacks third-party notice.",--- vova07-yii2-imperavi-widget-c4fe4a9/LICENSE.md --- Extension itself ================
7388,neos/fusion,9.1.8,Unspecified,GPL_COPYLEFT,"LICENSE, IllegalEntryPointValue.fusion",YES,,1,CONFIRMED_VIOLATION_UNRESOLVED_TAINT,Unresolved copyleft conflict with: typo3fluid/fluid (LGPL-3.0-or-later),"--- neos-fusion-89f8a26/LICENSE --- GNU GENERAL PUBLIC LICENSE Version 3, 29 June 2007"
7410,chromatic/usher,v5.1.4,MIT,NO_PHYSICAL_LICENSE_FILE,None,NO,,2,POTENTIAL_VIOLATION_NO_LICENSE,"Package lacks any physical LICENSE file in release archive, relying purely on composer.json string.",
7412,bitbag/elasticsearch-plugin,v5.3.0,MIT,MPL_COPYLEFT,LICENSE,NO,,2,CONFIRMED_VIOLATION_UNRESOLVED_TAINT,"Unresolved copyleft conflict with: paragonie/halite (MPL-2.0), paragonie/hidden-string (MPL-2.0)","--- BitBagCommerce-SyliusElasticsearchPlugin-8e31d3e/LICENSE --- Copyright (c) 2016-2019 Mikołaj Król Permission is hereby granted, free of charge, to any person obtaining a copy"
7445,neos/fusion-afx,9.1.8,Unspecified,GPL_COPYLEFT,LICENSE,YES,,1,CONFIRMED_VIOLATION_UNRESOLVED_TAINT,Unresolved copyleft conflict with: typo3fluid/fluid (LGPL-3.0-or-later),"--- neos-fusion-afx-aa4e7e0/LICENSE --- GNU GENERAL PUBLIC LICENSE Version 3, 29 June 2007"
7450,akaunting/laravel-apexcharts,4.0.0,MIT,MPL_COPYLEFT,LICENSE.md,NO,,1,CONFIRMED_VIOLATION_UNRESOLVED_TAINT,Unresolved copyleft conflict with: balping/json-raw-encoder (GPL-3.0-only),--- akaunting-laravel-apexcharts-f6d15a5/LICENSE.md --- The MIT License (MIT) Copyright (c) 2022 Akaunting
7452,liip/serializer,3.3.0,MIT,MPL_COPYLEFT,LICENSE,NO,,1,CONFIRMED_VIOLATION_UNRESOLVED_TAINT,Unresolved copyleft conflict with: pnz/json-exception (GPL-3.0),--- liip-serializer-f9e9b45/LICENSE --- MIT License Copyright (c) 2019 Liip
7511,linslin/yii2-curl,1.5.0,MIT,NO_PHYSICAL_LICENSE_FILE,None,NO,,1,POTENTIAL_VIOLATION_NO_LICENSE,"Package lacks any physical LICENSE file in release archive, relying purely on composer.json string.",
7537,acquia/blt,13.7.4,Unspecified,GPL_COPYLEFT,LICENSE.txt,YES,,5,CONFIRMED_VIOLATION_UNRESOLVED_TAINT,"Unresolved copyleft conflict with: acquia/drupal-environment-detector (GPL-2.0-or-later), drupal/core (GPL-2.0-or-later), drupal/core-composer-scaffold (GPL-2.0-or-later), drush/drush (GPL-2.0-or-later), chi-teck/drupal-code-generator (GPL-2.0-or-later)","--- acquia-blt-0a2c6da/LICENSE.txt --- GNU GENERAL PUBLIC LICENSE Version 2, June 1991"
7637,ehaerer/paste-reference,5.0.0,MIT,MPL_COPYLEFT,LICENSE,NO,IN_CODE_GPL,6,CONFIRMED_VIOLATION_VIRAL_COPYLEFT,"Permissive package imports viral copyleft dependency (typo3/cms-backend (GPL-2.0-or-later), typo3/cms-core (GPL-2.0-or-later), enshrined/svg-sanitize (GPL-2.0-or-later), typo3/cms-cli (GPL-2.0-or-later), typo3/cms-composer-installers (GPL-2.0-or-later), typo3fluid/fluid (LGPL-3.0-or-later)) without copyleft distribution licensing.",--- Kephson-paste_reference-badfda7/LICENSE --- MIT License Copyright (c) 2021 Ephraim Härer
7691,neos/neos,9.1.8,Unspecified,GPL_COPYLEFT,"LICENSE, LICENSE.txt, Main.min.js.LICENSE.txt",YES,,3,CONFIRMED_VIOLATION_VIRAL_COPYLEFT,"Permissive package imports viral copyleft dependency (typo3fluid/fluid (LGPL-3.0-or-later), enshrined/svg-sanitize (GPL-2.0-or-later), neos/fusion-form (GPL-3.0-or-later)) without copyleft distribution licensing.","--- neos-neos-9c0dbff/LICENSE --- GNU GENERAL PUBLIC LICENSE Version 3, 29 June 2007"
7725,neos/media-browser,9.1.8,Unspecified,NO_PHYSICAL_LICENSE_FILE,None,NO,,3,CONFIRMED_VIOLATION_VIRAL_COPYLEFT,"Permissive package imports viral copyleft dependency (typo3fluid/fluid (LGPL-3.0-or-later), neos/fusion-form (GPL-3.0-or-later), enshrined/svg-sanitize (GPL-2.0-or-later)) without copyleft distribution licensing.",
7732,owen-oj/laravel-getid3,v2.6.0,MIT,MPL_COPYLEFT,LICENSE,NO,,1,CONFIRMED_VIOLATION_UNRESOLVED_TAINT,"Unresolved copyleft conflict with: james-heinrich/getid3 (GPL-1.0-or-later, LGPL-3.0-only)",--- Owen-oj-laravel-getid3-6b89fc9/LICENSE --- # MIT License Copyright (c) 2019 Owen Jubilant
7789,frosh/sentry-bundle,0.3.2,MIT,NO_PHYSICAL_LICENSE_FILE,None,NO,,6,POTENTIAL_VIOLATION_NO_LICENSE,"Package lacks any physical LICENSE file in release archive, relying purely on composer.json string.",
7807,frosh/mail-platform-archive,3.6.0,MIT,MPL_COPYLEFT,LICENSE.md,NO,,6,CONFIRMED_VIOLATION_UNRESOLVED_TAINT,"Unresolved copyleft conflict with: dompdf/php-svg-lib (LGPL-3.0-or-later), smalot/pdfparser (LGPL-3.0)",--- FriendsOfShopware-FroshPlatformMailArchive-ceeb1ad/LICENSE.md --- MIT License Copyright (c) 2020 Friends of Shopware
7821,dektrium/yii2-rbac,1.0.1,MIT,MPL_COPYLEFT,LICENSE.md,NO,,1,BENIGN_LGPL_DYNAMIC_WRAPPER,"Runtime Composer autoload of unmodified LGPL library (ezyang/htmlpurifier (LGPL-2.1-or-later)). Valid under dynamic linking spirit, but lacks third-party notice.",--- dektrium-yii2-rbac-2dac391/LICENSE.md --- The MIT License (MIT) Copyright (c) 2014
7824,friendsofsylius/sylius-import-export-plugin,0.28.0,MIT,MPL_COPYLEFT,LICENSE,NO,,2,CONFIRMED_VIOLATION_UNRESOLVED_TAINT,"Unresolved copyleft conflict with: paragonie/halite (MPL-2.0), paragonie/hidden-string (MPL-2.0)",--- FriendsOfSylius-SyliusImportExportPlugin-9cfe317/LICENSE --- MIT License Copyright (c) 2019 The place where FriendsOfSylius meet.
7834,sizeg/yii2-jwt,v2.0.2,Unspecified,NO_PHYSICAL_LICENSE_FILE,None,NO,,1,POTENTIAL_VIOLATION_NO_LICENSE,"Package lacks any physical LICENSE file in release archive, relying purely on composer.json string.",
7936,moonlandsoft/yii2-phpexcel,2.0.0,MIT,MPL_COPYLEFT,LICENSE,NO,,1,BENIGN_LGPL_DYNAMIC_WRAPPER,"Runtime Composer autoload of unmodified LGPL library (ezyang/htmlpurifier (LGPL-2.1-or-later)). Valid under dynamic linking spirit, but lacks third-party notice.",--- moonlandsoft-yii2-phpexcel-e061478/LICENSE --- The MIT License (MIT) Copyright (c) 2015 moonlandsoft
7970,mihaildev/yii2-elfinder,1.4.0,BSD-3-Clause,MPL_COPYLEFT,LICENSE.md,NO,,1,BENIGN_LGPL_DYNAMIC_WRAPPER,"Runtime Composer autoload of unmodified LGPL library (ezyang/htmlpurifier (LGPL-2.1-or-later)). Valid under dynamic linking spirit, but lacks third-party notice.","--- MihailDev-yii2-elfinder-adc705b/LICENSE.md --- Copyright (c) 2014, MihailDev set4web.ru All rights reserved."
7984,wikimedia/remex-html,6.0.1,MIT,MPL_COPYLEFT,LICENSE,NO,,1,CONFIRMED_VIOLATION_VIRAL_COPYLEFT,Permissive package imports viral copyleft dependency (wikimedia/utfnormal (GPL-2.0-or-later)) without copyleft distribution licensing.,"--- wikimedia-mediawiki-libs-RemexHtml-18c27fa/LICENSE --- Copyright (c) 2016 Wikimedia Foundation Permission is hereby granted, free of charge, to any person obtaining a copy"
8081,previousnext/coding-standard,1.2.0,MIT,MPL_COPYLEFT,LICENSE.md,NO,,2,CONFIRMED_VIOLATION_UNRESOLVED_TAINT,"Unresolved copyleft conflict with: drupal/coder (GPL-2.0-or-later), phpcsstandards/phpcsutils (LGPL-3.0-or-later)",--- previousnext-coding-standard-6744c07/LICENSE.md --- The MIT License (MIT) =====================
8129,frosh/development-helper,3.0.1,MIT,NO_PHYSICAL_LICENSE_FILE,None,NO,,6,POTENTIAL_VIOLATION_NO_LICENSE,"Package lacks any physical LICENSE file in release archive, relying purely on composer.json string.",
8137,mihaildev/yii2-ckeditor,1.0.1,BSD-3-Clause,GPL_COPYLEFT,"LICENSE.md, LICENSE.md, LICENSE.md, LICENSE.md",YES,,1,COMPLIANT_LGPL_WRAPPER_WITH_NOTICES,Permissive wrapper around LGPL library (ezyang/htmlpurifier (LGPL-2.1-or-later)) with third-party notice/disclaimer.,"--- MihailDev-yii2-ckeditor-d20aa7f/LICENSE.md --- Copyright (c) 2014, MihailDev set4web.ru All rights reserved."
8152,marcorieser/statamic-livewire,v5.3.2,Unspecified,MPL_COPYLEFT,LICENSE.md,NO,,1,CONFIRMED_VIOLATION_UNRESOLVED_TAINT,"Unresolved copyleft conflict with: james-heinrich/getid3 (GPL-1.0-or-later, LGPL-3.0-only)",--- marcorieser-statamic-livewire-e2938e1/LICENSE.md --- MIT License Copyright (c) 2025 Marco Rieser
8160,sylius/cms-plugin,v1.1.6,MIT,MPL_COPYLEFT,"LICENSE, LICENSE_OF_TRADEMARK_AND_LOGO",YES,,2,CONFIRMED_VIOLATION_UNRESOLVED_TAINT,"Unresolved copyleft conflict with: paragonie/halite (MPL-2.0), paragonie/hidden-string (MPL-2.0)","--- Sylius-CmsPlugin-4be472a/LICENSE --- Copyright (c) 2025-present Sylius Sp. z o.o. Permission is hereby granted, free of charge, to any person obtaining a copy"
8202,wbraganca/yii2-dynamicform,v2.0.3,BSD-3-Clause,MPL_COPYLEFT,LICENSE.md,NO,,1,BENIGN_LGPL_DYNAMIC_WRAPPER,"Runtime Composer autoload of unmodified LGPL library (ezyang/htmlpurifier (LGPL-2.1-or-later)). Valid under dynamic linking spirit, but lacks third-party notice.","--- wbraganca-yii2-dynamicform-bebb469/LICENSE.md --- # The BSD License (BSD) Copyright (c) 2014, Wanderson Bragança"
8249,statamic-rad-pack/runway,v9.6.2,mit,MPL_COPYLEFT,LICENSE.md,NO,,1,CONFIRMED_VIOLATION_UNRESOLVED_TAINT,"Unresolved copyleft conflict with: james-heinrich/getid3 (GPL-1.0-or-later, LGPL-3.0-only)",--- statamic-rad-pack-runway-cae33b4/LICENSE.md --- MIT License Copyright (c) Statamic Rad Pack
8254,calebdw/larastan,v3.12.3,MIT,MPL_COPYLEFT,LICENSE.md,NO,,1,CONFIRMED_VIOLATION_UNRESOLVED_TAINT,Unresolved copyleft conflict with: phpmyadmin/sql-parser (GPL-2.0-or-later),"--- calebdw-larastan-87c831d/LICENSE.md --- The MIT License (MIT) Copyright (c) Can Vural <can9119@gmail.com>, Nuno Maduro <enunomaduro@gmail.com>, Caleb White <cdwhite3@pm.me>"
8345,yiithings/yii2-dotenv,1.1.0,MIT,MPL_COPYLEFT,LICENSE,NO,,1,BENIGN_LGPL_DYNAMIC_WRAPPER,"Runtime Composer autoload of unmodified LGPL library (ezyang/htmlpurifier (LGPL-2.1-or-later)). Valid under dynamic linking spirit, but lacks third-party notice.",--- panlatent-yii2-dotenv-4a43ff8/LICENSE --- MIT License Copyright (c) 2018 Yiithings
8357,rias/statamic-redirect,4.2.1,Unspecified,NO_PHYSICAL_LICENSE_FILE,None,NO,,1,POTENTIAL_VIOLATION_NO_LICENSE,"Package lacks any physical LICENSE file in release archive, relying purely on composer.json string.",
8380,liip/serializer-jms-adapter,2.2.3,MIT,MPL_COPYLEFT,LICENSE,NO,,1,CONFIRMED_VIOLATION_UNRESOLVED_TAINT,Unresolved copyleft conflict with: pnz/json-exception (GPL-3.0),--- liip-serializer-jms-adapter-c6ab4e5/LICENSE --- MIT License Copyright (c) 2019 Liip
8388,rawilk/laravel-printing,v4.3.0,MIT,MPL_COPYLEFT,LICENSE.md,NO,,1,CONFIRMED_VIOLATION_UNRESOLVED_TAINT,Unresolved copyleft conflict with: mike42/gfx-php (LGPL-2.1-or-later),--- rawilk-laravel-printing-2c50255/LICENSE.md --- The MIT License (MIT) Copyright (c) Randall Wilk <randall@randallwilk.dev>
8399,alexandernst/yii2-device-detect,0.0.12,GNU General Public License v3,MPL_COPYLEFT,LICENSE,NO,,1,BENIGN_LGPL_DYNAMIC_WRAPPER,"Runtime Composer autoload of unmodified LGPL library (ezyang/htmlpurifier (LGPL-2.1-or-later)). Valid under dynamic linking spirit, but lacks third-party notice.","--- alexandernst-yii2-device-detect-ae9557f/LICENSE --- MIT License Copyright (c) <2011-2015> Serban Ghita, Nick Ilyin and contributors."
8404,firstred/postnl-api-php,v2.0.15,MIT,MPL_COPYLEFT,LICENSE.md,NO,,1,CONFIRMED_VIOLATION_UNRESOLVED_TAINT,Unresolved copyleft conflict with: paragonie/hidden-string (MPL-2.0),--- firstred-postnl-api-php-a06d30f/LICENSE.md --- The MIT License (MIT). Copyright (c) 2017-2023 Michael Dekker (https://github.com/firstred)
8410,contao-components/chosen,2.0.2,MIT,NO_PHYSICAL_LICENSE_FILE,None,NO,,1,POTENTIAL_VIOLATION_NO_LICENSE,"Package lacks any physical LICENSE file in release archive, relying purely on composer.json string.",
8427,phalcon/quill,v0.3.0,BSD-3-Clause,MPL_COPYLEFT,LICENSE,NO,,2,CONFIRMED_VIOLATION_UNRESOLVED_TAINT,"Unresolved copyleft conflict with: pds/composer-script-names (CC-BY-SA-4.0), pds/skeleton (CC-BY-SA-4.0)","--- phalcon-quill-d9ad533/LICENSE --- BSD 3-Clause License Copyright (c) 2026, The Phalcon PHP Framework"
8439,wptrt/wpthemereview,0.2.1,MIT,MPL_COPYLEFT,LICENSE.txt,NO,,2,CONFIRMED_VIOLATION_UNRESOLVED_TAINT,"Unresolved copyleft conflict with: phpcsstandards/phpcsutils (LGPL-3.0-or-later), phpcsstandards/phpcsextra (LGPL-3.0-or-later)",--- WPTT-WPThemeReview-462e590/LICENSE.txt --- MIT License Copyright (c) 2018 WordPress Theme Review Team and contributors.
8467,kak/clickhouse,1.1.3,MIT,NO_PHYSICAL_LICENSE_FILE,None,NO,,1,POTENTIAL_VIOLATION_NO_LICENSE,"Package lacks any physical LICENSE file in release archive, relying purely on composer.json string.",
8468,contributte/pdf,v8.0.0,MIT,MPL_COPYLEFT,LICENSE,NO,,1,CONFIRMED_VIOLATION_UNRESOLVED_TAINT,Unresolved copyleft conflict with: mpdf/mpdf (GPL-2.0-only),--- contributte-pdf-e9350fa/LICENSE --- MIT License Copyright (c) 2010-2024 Contributte
8515,wikimedia/shellbox,4.5.2,MIT,MPL_COPYLEFT,LICENSE,NO,,1,CONFIRMED_VIOLATION_UNRESOLVED_TAINT,Unresolved copyleft conflict with: wikimedia/base-convert (GPL-2.0-or-later),"--- wikimedia-mediawiki-libs-Shellbox-f29652f/LICENSE --- Copyright ⓒ 2020 Wikimedia Foundation Permission is hereby granted, free of charge, to any person obtaining a copy"
8544,rebuy/amqp-php-consumer,v2.0.0,MIT,MPL_COPYLEFT,LICENSE,NO,,1,BENIGN_LGPL_DYNAMIC_WRAPPER,"Runtime Composer autoload of unmodified LGPL library (php-amqplib/php-amqplib (LGPL-2.1-or-later)). Valid under dynamic linking spirit, but lacks third-party notice.",--- rebuy-de-amqp-php-consumer-18bd886/LICENSE --- The MIT License (MIT) Copyright (c) 2015 reBuy reCommerce GmbH
8547,horstoeko/zugferdvisualizer,v1.0.10,MIT,MPL_COPYLEFT,LICENSE,NO,,5,CONFIRMED_VIOLATION_UNRESOLVED_TAINT,"Unresolved copyleft conflict with: dompdf/php-svg-lib (LGPL-3.0-or-later), smalot/pdfparser (LGPL-3.0), mpdf/mpdf (GPL-2.0-only)",--- horstoeko-zugferdvisualizer-6c61a03/LICENSE --- MIT License Copyright (c) 2023 horstoeko
8577,contao-components/colorpicker,1.5.3,MIT,NO_PHYSICAL_LICENSE_FILE,None,NO,,1,POTENTIAL_VIOLATION_NO_LICENSE,"Package lacks any physical LICENSE file in release archive, relying purely on composer.json string.",
8587,creagia/laravel-sign-pad,3.0.1,MIT,MPL_COPYLEFT,"LICENSE.md, sign-pad.min.js.LICENSE.txt",NO,,14,CONFIRMED_VIOLATION_UNRESOLVED_TAINT,"Unresolved copyleft conflict with: tecnickcom/tcpdf (LGPL-3.0-or-later), tecnickcom/tc-lib-pdf (LGPL-3.0-or-later), tecnickcom/tc-lib-barcode (LGPL-3.0-or-later), tecnickcom/tc-lib-color (LGPL-3.0-or-later), tecnickcom/tc-lib-pdf-image (LGPL-3.0-or-later), tecnickcom/tc-lib-pdf-font (LGPL-3.0-or-later), tecnickcom/tc-lib-file (LGPL-3.0-or-later), tecnickcom/tc-lib-pdf-encrypt (LGPL-3.0-or-later), tecnickcom/tc-lib-pdf-sign (LGPL-3.0-or-later), tecnickcom/tc-lib-unicode-data (LGPL-3.0-or-later), tecnickcom/tc-lib-unicode (LGPL-3.0-or-later), tecnickcom/tc-lib-pdf-page (LGPL-3.0-or-later), tecnickcom/tc-lib-pdf-graph (LGPL-3.0-or-later), tecnickcom/tc-lib-pdf-parser (LGPL-3.0-or-later)",--- creagia-laravel-sign-pad-7d40063/LICENSE.md --- The MIT License (MIT) Copyright (c) Creagia <info@creagia.com>
8605,ctidigital/magento2-configurator,4.0.1,Unspecified,MPL_COPYLEFT,LICENSE,NO,,1,CONFIRMED_VIOLATION_UNRESOLVED_TAINT,Unresolved copyleft conflict with: firegento/fastsimpleimport (GPL-3.0),--- ctidigital-magento2-configurator-ae16a8c/LICENSE --- The MIT License (MIT) Copyright (c) 2016 CTI Digital
8609,humanmade/psalm-plugin-wordpress,3.1.2,MIT,MPL_COPYLEFT,LICENSE,NO,,2,CONFIRMED_VIOLATION_VIRAL_COPYLEFT,"Permissive package imports viral copyleft dependency (wp-hooks/wordpress-core (GPL-3.0-or-later), netresearch/jsonmapper (OSL-3.0)) without copyleft distribution licensing.",--- psalm-psalm-plugin-wordpress-3f4689a/LICENSE --- MIT License Copyright (c) 2022 Joe Hoyle
8622,sylius/adyen-plugin,v2.0.6,MIT,MPL_COPYLEFT,"LICENSE, LICENSE_OF_TRADEMARK_AND_LOGO",YES,,2,CONFIRMED_VIOLATION_UNRESOLVED_TAINT,"Unresolved copyleft conflict with: paragonie/halite (MPL-2.0), paragonie/hidden-string (MPL-2.0)","--- Sylius-AdyenPlugin-38744e9/LICENSE --- Copyright (c) 2025-present Sylius Sp. z o.o. Permission is hereby granted, free of charge, to any person obtaining a copy"
8629,friendsoftypo3/headless,v4.8.1,Unspecified,GPL_COPYLEFT,LICENSE.md,YES,,8,CONFIRMED_VIOLATION_VIRAL_COPYLEFT,"Permissive package imports viral copyleft dependency (typo3/cms-core (GPL-2.0-or-later), enshrined/svg-sanitize (GPL-2.0-or-later), typo3/cms-cli (GPL-2.0-or-later), typo3/cms-composer-installers (GPL-2.0-or-later), typo3fluid/fluid (LGPL-3.0-or-later), typo3/cms-install (GPL-2.0-or-later), typo3/cms-extbase (GPL-2.0-or-later), typo3/cms-fluid (GPL-2.0-or-later)) without copyleft distribution licensing.","--- TYPO3-Headless-headless-246587b/LICENSE.md --- GNU GENERAL PUBLIC LICENSE Version 2, June 1991"
8634,sylius/wishlist-plugin,v1.3.0,MIT,MPL_COPYLEFT,"LICENSE, LICENSE_OF_TRADEMARK_AND_LOGO",YES,,5,CONFIRMED_VIOLATION_UNRESOLVED_TAINT,Unresolved copyleft conflict with: dompdf/php-svg-lib (LGPL-3.0-or-later),"--- Sylius-WishlistPlugin-5c9fe4b/LICENSE --- Copyright (c) 2025-present Sylius Sp. z o.o. Permission is hereby granted, free of charge, to any person obtaining a copy"
8681,pagarme/pagarme-php-sdk,7.0.1,MIT,MPL_COPYLEFT,LICENSE,NO,,1,CONFIRMED_VIOLATION_VIRAL_COPYLEFT,Permissive package imports viral copyleft dependency (apimatic/jsonmapper (OSL-3.0)) without copyleft distribution licensing.,--- pagarme-pagarme-php-sdk-608e0b3/LICENSE --- License: ========
8695,monsieurbiz/sylius-rich-editor-plugin,v3.1.8,MIT,NO_PHYSICAL_LICENSE_FILE,None,NO,,2,POTENTIAL_VIOLATION_NO_LICENSE,"Package lacks any physical LICENSE file in release archive, relying purely on composer.json string.",
8718,2amigos/yii2-selectize-widget,1.1.0,BSD-3-Clause,MPL_COPYLEFT,LICENSE.md,NO,,1,BENIGN_LGPL_DYNAMIC_WRAPPER,"Runtime Composer autoload of unmodified LGPL library (ezyang/htmlpurifier (LGPL-2.1-or-later)). Valid under dynamic linking spirit, but lacks third-party notice.","--- 2amigos-yii2-selectize-widget-9762a34/LICENSE.md --- # The BSD License (BSD) Copyright (c) 2013-2015, 2amigOS! Consulting Group LLC."
8724,yiisoft/yii2-sphinx,2.0.16,BSD-3-Clause,MPL_COPYLEFT,LICENSE.md,NO,,1,BENIGN_LGPL_DYNAMIC_WRAPPER,"Runtime Composer autoload of unmodified LGPL library (ezyang/htmlpurifier (LGPL-2.1-or-later)). Valid under dynamic linking spirit, but lacks third-party notice.",--- yiisoft-yii2-sphinx-bac8721/LICENSE.md --- Copyright © 2008-2013 by Yii Software LLC (http://www.yiisoft.com) All rights reserved.
8729,phpdocumentor/phpdocumentor,v3.10.0,MIT,MPL_COPYLEFT,"LICENSE, MIT-LICENSE.txt, copyright.txt, LICENSE",NO,IN_CODE_GPL,1,CONFIRMED_VIOLATION_UNRESOLVED_TAINT,Unresolved copyleft conflict with: jawira/plantuml (GPL-3.0-or-later),--- phpDocumentor-phpDocumentor-0cd9a39/LICENSE --- The MIT License (MIT) Copyright (c) 2010 Mike van Riel
8740,craftcms/flysystem,2.0.1,MIT,MPL_COPYLEFT,LICENSE.md,NO,,2,CONFIRMED_VIOLATION_VIRAL_COPYLEFT,Permissive package imports viral copyleft dependency (enshrined/svg-sanitize (GPL-2.0-or-later)) without copyleft distribution licensing.,"--- craftcms-flysystem-db27fc3/LICENSE.md --- The MIT License (MIT) Copyright (c) Pixel & Tonic, Inc."
8806,bashkarev/clickhouse,2.0.5,MIT,MPL_COPYLEFT,LICENSE.txt,NO,,1,BENIGN_LGPL_DYNAMIC_WRAPPER,"Runtime Composer autoload of unmodified LGPL library (ezyang/htmlpurifier (LGPL-2.1-or-later)). Valid under dynamic linking spirit, but lacks third-party notice.",--- bashkarev-clickhouse-0ff87e3/LICENSE.txt --- The MIT License (MIT) Copyright (c) 2017 Dmitry Bashkarev
8811,horstoeko/zugferd-laravel,v1.0.5,MIT,MPL_COPYLEFT,LICENSE,NO,,1,CONFIRMED_VIOLATION_UNRESOLVED_TAINT,Unresolved copyleft conflict with: smalot/pdfparser (LGPL-3.0),--- horstoeko-zugferd-laravel-28e35f2/LICENSE --- MIT License Copyright (c) 2023 horstoeko
8827,jbzoo/codestyle,8.0.0,MIT,MPL_COPYLEFT,LICENSE,NO,,1,CONFIRMED_VIOLATION_VIRAL_COPYLEFT,Permissive package imports viral copyleft dependency (netresearch/jsonmapper (OSL-3.0)) without copyleft distribution licensing.,--- JBZoo-Codestyle-412a91b/LICENSE --- MIT License Copyright (c) 2020 JBZoo Content Construction Kit (CCK)
8828,rmrevin/yii2-minify-view,2.0.0,MIT,MPL_COPYLEFT,LICENSE,NO,,1,BENIGN_LGPL_DYNAMIC_WRAPPER,"Runtime Composer autoload of unmodified LGPL library (ezyang/htmlpurifier (LGPL-2.1-or-later)). Valid under dynamic linking spirit, but lacks third-party notice.",--- rmrevin-yii2-minify-view-4545e6d/LICENSE --- The MIT License (MIT) Copyright (c) 2014 Revin Roman Borisovich
8911,codedredd/laravel-soap,v4.0.0,MIT,MPL_COPYLEFT,LICENSE,NO,,1,CONFIRMED_VIOLATION_UNRESOLVED_TAINT,Unresolved copyleft conflict with: paragonie/hidden-string (MPL-2.0),--- CodeDredd-laravel-soap-9a6b6bf/LICENSE --- The MIT License (MIT) Copyright (c) 2014 Michael van de Rijt
8936,craftcms/generator,2.2.0,mit,MPL_COPYLEFT,LICENSE.md,NO,,2,CONFIRMED_VIOLATION_VIRAL_COPYLEFT,Permissive package imports viral copyleft dependency (enshrined/svg-sanitize (GPL-2.0-or-later)) without copyleft distribution licensing.,"--- craftcms-generator-24be47e/LICENSE.md --- The MIT License (MIT) Copyright (c) Pixel & Tonic, Inc."
8982,orklah/psalm-insane-comparison,v2.4.0,MIT,MPL_COPYLEFT,LICENSE,NO,,1,CONFIRMED_VIOLATION_VIRAL_COPYLEFT,Permissive package imports viral copyleft dependency (netresearch/jsonmapper (OSL-3.0)) without copyleft distribution licensing.,--- orklah-psalm-insane-comparison-b31246e/LICENSE --- MIT License Copyright (c) 2020 orklah
8989,studio1902/statamic-peak-tools,v9.2.1,Unspecified,GPL_COPYLEFT,LICENSE,YES,,1,CONFIRMED_VIOLATION_UNRESOLVED_TAINT,"Unresolved copyleft conflict with: james-heinrich/getid3 (GPL-1.0-or-later, LGPL-3.0-only)","--- studio1902-statamic-peak-tools-001f495/LICENSE --- GNU GENERAL PUBLIC LICENSE Version 3, 29 June 2007"
9041,yii2tech/spreadsheet,1.0.5,BSD-3-Clause,MPL_COPYLEFT,LICENSE.md,NO,,1,BENIGN_LGPL_DYNAMIC_WRAPPER,"Runtime Composer autoload of unmodified LGPL library (ezyang/htmlpurifier (LGPL-2.1-or-later)). Valid under dynamic linking spirit, but lacks third-party notice.",--- yii2tech-spreadsheet-aff93d4/LICENSE.md --- The Yii framework is free software. It is released under the terms of the following BSD License.
9061,jbzoo/toolbox-dev,8.0.0,MIT,MPL_COPYLEFT,LICENSE,NO,,1,CONFIRMED_VIOLATION_VIRAL_COPYLEFT,Permissive package imports viral copyleft dependency (netresearch/jsonmapper (OSL-3.0)) without copyleft distribution licensing.,--- JBZoo-Toolbox-Dev-633f7fa/LICENSE --- MIT License Copyright (c) 2020 JBZoo Toolbox for developers
9116,asofter/yii2-imperavi-redactor,0.0.3,BSD-3-Clause,MPL_COPYLEFT,LICENSE.md,NO,,1,BENIGN_LGPL_DYNAMIC_WRAPPER,"Runtime Composer autoload of unmodified LGPL library (ezyang/htmlpurifier (LGPL-2.1-or-later)). Valid under dynamic linking spirit, but lacks third-party notice.",--- asofter-yii2-imperavi-redactor-08e05dd/LICENSE.md --- Extension itself ================
9121,alperenersoy/filament-export,v4.0.1,MIT,NO_PHYSICAL_LICENSE_FILE,None,NO,,3,POTENTIAL_VIOLATION_NO_LICENSE,"Package lacks any physical LICENSE file in release archive, relying purely on composer.json string.",
9136,yiisoft/yii2-codeception,2.0.6,BSD-3-Clause,MPL_COPYLEFT,LICENSE.md,NO,,1,BENIGN_LGPL_DYNAMIC_WRAPPER,"Runtime Composer autoload of unmodified LGPL library (ezyang/htmlpurifier (LGPL-2.1-or-later)). Valid under dynamic linking spirit, but lacks third-party notice.",--- yiisoft-yii2-codeception-086c8c2/LICENSE.md --- The Yii framework is free software. It is released under the terms of the following BSD License.
9164,oxid-esales/oxideshop-metapackage-ce,v7.5.0,Unspecified,MPL_COPYLEFT,LICENSE,YES,,2,CONFIRMED_VIOLATION_UNRESOLVED_TAINT,Unresolved copyleft conflict with: makaira/oxid-connect-essential (GPL-3.0-or-later),--- OXID-eSales-oxideshop_metapackage_ce-e2cc5d3/LICENSE --- OXID eShop Community Edition Lizenz 2022 1.	Präambel
9234,shopware/docker,0.3.0,MIT,MPL_COPYLEFT,LICENSE,NO,,6,CONFIRMED_VIOLATION_UNRESOLVED_TAINT,"Unresolved copyleft conflict with: dompdf/php-svg-lib (LGPL-3.0-or-later), smalot/pdfparser (LGPL-3.0)",--- shopware-docker-a015a43/LICENSE --- MIT License Copyright (c) 2023 shopware AG
9263,xj/yii2-jplayer-widget,2.9.0.1,BSD-3-Clause,NO_PHYSICAL_LICENSE_FILE,None,NO,,1,POTENTIAL_VIOLATION_NO_LICENSE,"Package lacks any physical LICENSE file in release archive, relying purely on composer.json string.",
9270,swag/paypal,10.8.2,MIT,MPL_COPYLEFT,LICENSE,NO,,6,CONFIRMED_VIOLATION_UNRESOLVED_TAINT,"Unresolved copyleft conflict with: dompdf/php-svg-lib (LGPL-3.0-or-later), smalot/pdfparser (LGPL-3.0)",--- shopware-SwagPayPal-c3bc870/LICENSE --- The MIT License (MIT) Copyright (c) shopware AG
9294,craftcms/redactor,4.2.0,MIT,MPL_COPYLEFT,LICENSE.md,NO,,2,CONFIRMED_VIOLATION_VIRAL_COPYLEFT,Permissive package imports viral copyleft dependency (enshrined/svg-sanitize (GPL-2.0-or-later)) without copyleft distribution licensing.,"--- craftcms-redactor-47bc7bc/LICENSE.md --- The MIT License (MIT) Copyright (c) Pixel & Tonic, Inc."
9324,nystudio107/craft-seomatic,5.1.22,proprietary,MPL_COPYLEFT,LICENSE.txt,NO,,2,CONFIRMED_VIOLATION_VIRAL_COPYLEFT,Permissive package imports viral copyleft dependency (enshrined/svg-sanitize (GPL-2.0-or-later)) without copyleft distribution licensing.,--- nystudio107-craft-seomatic-cab0fe8/LICENSE.txt --- Copyright © nystudio107 Permission is hereby granted to any person obtaining a copy of this software
9437,liuggio/excelbundle,v2.1.0,MIT,MPL_COPYLEFT,LICENSE,NO,,1,CONFIRMED_VIOLATION_UNRESOLVED_TAINT,Unresolved copyleft conflict with: phpoffice/phpexcel (LGPL-2.1),"--- liuggio-ExcelBundle-b4fe94b/LICENSE --- Copyright (c) 2004-2014 Permission is hereby granted, free of charge, to any person obtaining a copy"
9476,keepa/php_api,3.0.3,Apache-2.0,NO_PHYSICAL_LICENSE_FILE,None,NO,,1,CONFIRMED_VIOLATION_VIRAL_COPYLEFT,Permissive package imports viral copyleft dependency (netresearch/jsonmapper (OSL-3.0)) without copyleft distribution licensing.,
9500,kdyby/rabbitmq,v3.1.0,MIT,MPL_COPYLEFT,LICENSE.md,NO,,1,BENIGN_LGPL_DYNAMIC_WRAPPER,"Runtime Composer autoload of unmodified LGPL library (php-amqplib/php-amqplib (LGPL-2.1-or-later)). Valid under dynamic linking spirit, but lacks third-party notice.",--- Kdyby-RabbitMq-4be6630/LICENSE.md --- The MIT License Copyright (c) 2010 Alvaro Videla
9508,log1x/poet,v2.1.0,MIT,MPL_COPYLEFT,LICENSE.md,NO,,2,CONFIRMED_VIOLATION_UNRESOLVED_TAINT,"Unresolved copyleft conflict with: johnbillion/extended-cpts (GPL-2.0-or-later), johnbillion/args (GPL-2.0-or-later)",--- Log1x-poet-5376493/LICENSE.md --- MIT License Copyright (c) Brandon Nifong
9532,raoul2000/yii2-jcrop-widget,1.0.0,BSD 3-Clause,MPL_COPYLEFT,LICENSE,NO,IN_CODE_GPL,1,BENIGN_LGPL_DYNAMIC_WRAPPER,"Runtime Composer autoload of unmodified LGPL library (ezyang/htmlpurifier (LGPL-2.1-or-later)). Valid under dynamic linking spirit, but lacks third-party notice.","--- raoul2000-yii2-jcrop-widget-1a858a0/LICENSE --- Copyright (c) 2014, raoul All rights reserved."
9538,dhl/sdk-api-parcel-de,1.4.0,MIT,MPL_COPYLEFT,LICENSE.md,NO,,1,CONFIRMED_VIOLATION_VIRAL_COPYLEFT,Permissive package imports viral copyleft dependency (netresearch/jsonmapper (OSL-3.0)) without copyleft distribution licensing.,--- netresearch-dhl-sdk-api-parcel-de-ef2551a/LICENSE.md --- The MIT License (MIT) Copyright (c) 2023 Netresearch DTT GmbH
9549,oro/oauth2-server,7.0.1,MIT,MPL_COPYLEFT,LICENSE,NO,,3,CONFIRMED_VIOLATION_UNRESOLVED_TAINT,"Unresolved copyleft conflict with: matomo/device-detector (LGPL-3.0-or-later), oro/platform-serialised-fields (OSL-3.0)",--- oroinc-oauth2-server-202132b/LICENSE --- The MIT License (MIT) Copyright (c) 2024 Oro Inc.
9559,lctrs/psalm-psr-container-plugin,1.11.0,MIT,MPL_COPYLEFT,LICENSE.md,NO,,1,CONFIRMED_VIOLATION_VIRAL_COPYLEFT,Permissive package imports viral copyleft dependency (netresearch/jsonmapper (OSL-3.0)) without copyleft distribution licensing.,--- Lctrs-psalm-psr-container-plugin-07f6284/LICENSE.md --- # The MIT License (MIT) Copyright (c) 2020-2021 Jérôme Parmentier
9575,thamtech/yii2-ratelimiter-advanced,0.5,BSD-3-Clause,MPL_COPYLEFT,LICENSE.md,NO,,1,BENIGN_LGPL_DYNAMIC_WRAPPER,"Runtime Composer autoload of unmodified LGPL library (ezyang/htmlpurifier (LGPL-2.1-or-later)). Valid under dynamic linking spirit, but lacks third-party notice.",--- thamtech-yii2-ratelimiter-advanced-2fde10e/LICENSE.md --- Yii2 Advanced Rate Limiter is free software. It is released under the terms of the following BSD License.
9577,oro/calendar-bundle,7.0.3,MIT,MPL_COPYLEFT,LICENSE,NO,,3,CONFIRMED_VIOLATION_UNRESOLVED_TAINT,"Unresolved copyleft conflict with: matomo/device-detector (LGPL-3.0-or-later), oro/platform-serialised-fields (OSL-3.0)",--- oroinc-OroCalendarBundle-04b3abf/LICENSE --- The MIT License (MIT) Copyright (c) 2024 Oro Inc.
9616,winter/storm,v1.2.14,MIT,MPL_COPYLEFT,LICENSE,NO,,1,CONFIRMED_VIOLATION_VIRAL_COPYLEFT,Permissive package imports viral copyleft dependency (enshrined/svg-sanitize (GPL-2.0-or-later)) without copyleft distribution licensing.,--- wintercms-storm-d3eeabc/LICENSE --- MIT License Copyright (c) 2013-2021.03.01 October CMS
9619,faryshta/yii2-disable-submit-buttons,2.0.0,BSD-3-Clause,MPL_COPYLEFT,LICENSE.md,NO,,1,BENIGN_LGPL_DYNAMIC_WRAPPER,"Runtime Composer autoload of unmodified LGPL library (ezyang/htmlpurifier (LGPL-2.1-or-later)). Valid under dynamic linking spirit, but lacks third-party notice.",--- Faryshta-yii2-disable-submit-buttons-53c6d64/LICENSE.md --- The Faryshta Yii2 JqueryTags extension is free software. It is released under the terms of the following BSD License. Copyright © 2015 b
9667,heptacom/shopware-platform-admin-open-auth,9.1.0,Apache-2.0,MPL_COPYLEFT,LICENSE.md,YES,,6,CONFIRMED_VIOLATION_UNRESOLVED_TAINT,"Unresolved copyleft conflict with: dompdf/php-svg-lib (LGPL-3.0-or-later), smalot/pdfparser (LGPL-3.0)","--- HEPTACOM-HeptacomShopwarePlatformAdminOpenAuth-c471b0c/LICENSE.md --- Apache License Version 2.0, January 2004"
9684,studio1902/statamic-peak-seo,v11.9.2,Unspecified,GPL_COPYLEFT,LICENSE,YES,,1,CONFIRMED_VIOLATION_UNRESOLVED_TAINT,"Unresolved copyleft conflict with: james-heinrich/getid3 (GPL-1.0-or-later, LGPL-3.0-only)","--- studio1902-statamic-peak-seo-4f9326b/LICENSE --- GNU GENERAL PUBLIC LICENSE Version 3, 29 June 2007"
9692,kop/yii2-scroll-pager,2.7.2,MIT,MPL_COPYLEFT,LICENSE.md,NO,,1,BENIGN_LGPL_DYNAMIC_WRAPPER,"Runtime Composer autoload of unmodified LGPL library (ezyang/htmlpurifier (LGPL-2.1-or-later)). Valid under dynamic linking spirit, but lacks third-party notice.",--- kop-yii2-scroll-pager-2772092/LICENSE.md --- The MIT License (MIT) Copyright (c) 2013-2016 Ivan Koptiev
9714,2amigos/yii2-date-picker-widget,1.0.7,BSD-3-Clause,MPL_COPYLEFT,LICENSE.md,NO,,1,BENIGN_LGPL_DYNAMIC_WRAPPER,"Runtime Composer autoload of unmodified LGPL library (ezyang/htmlpurifier (LGPL-2.1-or-later)). Valid under dynamic linking spirit, but lacks third-party notice.","--- 2amigos-yii2-date-picker-widget-d09c244/LICENSE.md --- # The BSD License (BSD) Copyright (c) 2013-2015, 2amigOS! Consulting Group LLC."
9729,shopware/production,v6.7.13.1,MIT,MPL_COPYLEFT,LICENSE,NO,,6,CONFIRMED_VIOLATION_UNRESOLVED_TAINT,"Unresolved copyleft conflict with: dompdf/php-svg-lib (LGPL-3.0-or-later), smalot/pdfparser (LGPL-3.0)",--- shopware-template-9d8183d/LICENSE --- MIT License Copyright (c) 2025 shopware AG
9744,sylius/admin-api-bundle,v1.12.0,MIT,MPL_COPYLEFT,LICENSE,NO,,2,CONFIRMED_VIOLATION_UNRESOLVED_TAINT,"Unresolved copyleft conflict with: paragonie/halite (MPL-2.0), paragonie/hidden-string (MPL-2.0)","--- Sylius-SyliusAdminApiBundle-bbeadd9/LICENSE --- Copyright (c) 2011-2021 Paweł Jędrzejewski Permission is hereby granted, free of charge, to any person obtaining a copy"
9765,yii2tech/html2pdf,1.0.7,BSD-3-Clause,MPL_COPYLEFT,LICENSE.md,NO,,1,BENIGN_LGPL_DYNAMIC_WRAPPER,"Runtime Composer autoload of unmodified LGPL library (ezyang/htmlpurifier (LGPL-2.1-or-later)). Valid under dynamic linking spirit, but lacks third-party notice.",--- yii2tech-html2pdf-c38755d/LICENSE.md --- The Yii framework is free software. It is released under the terms of the following BSD License.
9775,tig/postnl-magento2,1.26,CC-BY-NC-ND-3.0,NO_PHYSICAL_LICENSE_FILE,None,NO,,2,POTENTIAL_VIOLATION_NO_LICENSE,"Package lacks any physical LICENSE file in release archive, relying purely on composer.json string.",
9778,craftcms/feed-me,6.15.1,proprietary,MPL_COPYLEFT,LICENSE.md,NO,,2,CONFIRMED_VIOLATION_VIRAL_COPYLEFT,Permissive package imports viral copyleft dependency (enshrined/svg-sanitize (GPL-2.0-or-later)) without copyleft distribution licensing.,--- craftcms-feed-me-73a1a4c/LICENSE.md --- Copyright © Pixel & Tonic Permission is hereby granted to any person obtaining a copy of this software
9816,craftcms/aws-s3,2.3.2,MIT,MPL_COPYLEFT,LICENSE.md,NO,,2,CONFIRMED_VIOLATION_VIRAL_COPYLEFT,Permissive package imports viral copyleft dependency (enshrined/svg-sanitize (GPL-2.0-or-later)) without copyleft distribution licensing.,"--- craftcms-aws-s3-9a6c53b/LICENSE.md --- Copyright (c) Pixel & Tonic, Inc. Permission is hereby granted, free of charge, to any person obtaining a copy"
9833,stefandoorn/google-tag-manager-plugin,v1.2.3,Unspecified,MPL_COPYLEFT,LICENSE,NO,,3,CONFIRMED_VIOLATION_UNRESOLVED_TAINT,Unresolved copyleft conflict with: xynnn/google-tag-manager-bundle (LGPL-3.0-only),--- stefandoorn-google-tag-manager-plugin-158f574/LICENSE --- MIT License Copyright (c) 2017 Stefan Doorn
9839,yooper/php-text-analysis,1.9.2,MIT,MPL_COPYLEFT,LICENSE,NO,,1,CONFIRMED_VIOLATION_UNRESOLVED_TAINT,Unresolved copyleft conflict with: joomla/string (GPL-2.0-or-later),--- yooper-php-text-analysis-7106cef/LICENSE --- MIT License Copyright (c) 2018 Dan Cardin
9861,thamtech/yii2-uuid,v1.2.2,Apache-2.0,MPL_COPYLEFT,LICENSE.md,YES,,1,COMPLIANT_LGPL_WRAPPER_WITH_NOTICES,Permissive wrapper around LGPL library (ezyang/htmlpurifier (LGPL-2.1-or-later)) with third-party notice/disclaimer.,"--- thamtech-yii2-uuid-ec6dbfc/LICENSE.md --- Copyright 2015 Thamtech, LLC Licensed under the Apache License, Version 2.0 (the ""License"");"
9862,sylius/test-application,v2.2.0-ALPHA.1,MIT,MPL_COPYLEFT,"LICENSE, LICENSE_OF_TRADEMARK_AND_LOGO",YES,,2,CONFIRMED_VIOLATION_UNRESOLVED_TAINT,"Unresolved copyleft conflict with: paragonie/halite (MPL-2.0), paragonie/hidden-string (MPL-2.0)","--- Sylius-TestApplication-a53d99b/LICENSE --- Copyright (c) 2025-present Sylius Sp. z o.o. Permission is hereby granted, free of charge, to any person obtaining a copy"
9896,pantheon-systems/pantheon-wp-coding-standards,3.0.2,MIT,MPL_COPYLEFT,LICENSE,NO,,2,CONFIRMED_VIOLATION_UNRESOLVED_TAINT,"Unresolved copyleft conflict with: phpcsstandards/phpcsextra (LGPL-3.0-or-later), phpcsstandards/phpcsutils (LGPL-3.0-or-later)",--- pantheon-systems-Pantheon-WP-Coding-Standards-5622da8/LICENSE --- MIT License Copyright (c) 2023 Pantheon
9985,bitbag/cms-plugin,v4.4,MIT,MPL_COPYLEFT,"LICENSE, bitbag-cms-admin.js.LICENSE.txt",NO,,2,CONFIRMED_VIOLATION_UNRESOLVED_TAINT,"Unresolved copyleft conflict with: paragonie/halite (MPL-2.0), paragonie/hidden-string (MPL-2.0)","--- BitBagCommerce-SyliusCmsPlugin-c492293/LICENSE --- Copyright (c) 2016-2019 Mikołaj Król Permission is hereby granted, free of charge, to any person obtaining a copy"
